category,our_name,query,accession,PMID,author,year,reported_trait,full_summary_stats,european_only,ancestry_text,url
biomarker,CRP,C-reactive protein measurement,GCST009777,31900758,Han X,2020,C-reactive protein levels,True,True,"418,642 British ancestry individuals | NA",https://www.ebi.ac.uk/gwas/studies/GCST009777
biomarker,CRP,C-reactive protein measurement,GCST011583,32928877,Jung SY,2020,Serum C-reactive protein concentration,False,True,"10,798 European ancestry women | NA",https://www.ebi.ac.uk/gwas/studies/GCST011583
biomarker,CRP,C-reactive protein measurement,GCST011582,32928877,Jung SY,2020,Serum C-reactive protein concentration in non-obese individuals,False,True,"7,179 European ancestry women | NA",https://www.ebi.ac.uk/gwas/studies/GCST011582
biomarker,CRP,C-reactive protein measurement,GCST011576,32928877,Jung SY,2020,Serum C-reactive protein concentration in visceral obesity (waist circumference),False,True,"4,155 European ancestry women | NA",https://www.ebi.ac.uk/gwas/studies/GCST011576
biomarker,CRP,C-reactive protein measurement,GCST011577,32928877,Jung SY,2020,Serum C-reactive protein concentration in visceral obesity (waist-hip ratio),False,True,"2,928 European ancestry women | NA",https://www.ebi.ac.uk/gwas/studies/GCST011577
biomarker,CRP,C-reactive protein measurement,GCST011578,32928877,Jung SY,2020,Serum C-reactive protein concentration in high fat diet,False,True,"7,873 European ancestry women | NA",https://www.ebi.ac.uk/gwas/studies/GCST011578
biomarker,CRP,C-reactive protein measurement,GCST011579,32928877,Jung SY,2020,Serum C-reactive protein concentration in low fat diet,False,True,"2,306 European ancestry women | NA",https://www.ebi.ac.uk/gwas/studies/GCST011579
biomarker,CRP,C-reactive protein measurement,GCST011580,32928877,Jung SY,2020,Serum C-reactive protein concentration in inactive individuals,False,True,"5,958 European ancestry women | NA",https://www.ebi.ac.uk/gwas/studies/GCST011580
biomarker,CRP,C-reactive protein measurement,GCST011581,32928877,Jung SY,2020,Serum C-reactive protein concentration in obesity,False,True,"3,000 European ancestry women | NA",https://www.ebi.ac.uk/gwas/studies/GCST011581
biomarker,CRP,C-reactive protein measurement,GCST90019446,33328453,Pietzner M,2020,C-reactive protein measurement,True,True,"10,708 European ancestry individuals | NA",https://www.ebi.ac.uk/gwas/studies/GCST90019446
biomarker,CRP,C-reactive protein measurement,GCST000965,21300955,Dehghan A,2011,C-reactive protein levels,False,True,"63,678 European ancestry individuals 1,792 Erasmus Rucphen individuals, 715 Orcadian individuals | 16,540 European ancestry individuals",https://www.ebi.ac.uk/gwas/studies/GCST000965
biomarker,CRP,C-reactive protein measurement,GCST000083,17903293,Benjamin EJ,2007,Select biomarker traits,False,True,"1,012 European ancestry individuals
 | NA",https://www.ebi.ac.uk/gwas/studies/GCST000083
biomarker,CRP,C-reactive protein measurement,GCST000178,18439548,Ridker PM,2008,C-reactive protein,False,True,"6,345 European ancestry female individuals | NA",https://www.ebi.ac.uk/gwas/studies/GCST000178
biomarker,CRP,C-reactive protein measurement,GCST000430,19567438,Elliott P,2009,C-reactive protein,False,True,"17,967 European ancestry and Indian Asian ancestry individuals  | 13,615 European ancestry and Indian Asian ancestry Individuals",https://www.ebi.ac.uk/gwas/studies/GCST000430
biomarker,CRP,C-reactive protein measurement,GCST001247,21943158,Middelberg RP,2011,Cardiovascular disease risk factors,False,True,"11,683 European ancestry individuals | NA",https://www.ebi.ac.uk/gwas/studies/GCST001247
biomarker,CRP,C-reactive protein measurement,GCST001385,22291609,Naitza S,2012,Inflammatory biomarkers,False,True,"4,694 Sardinian individuals | 1,392 Sardinian individuals",https://www.ebi.ac.uk/gwas/studies/GCST001385
biomarker,CRP,C-reactive protein measurement,GCST000179,18439552,Reiner AP,2008,C-reactive protein,False,True,"909 European ancestry individuals | 5,106 European ancestry individuals",https://www.ebi.ac.uk/gwas/studies/GCST000179
biomarker,CRP,C-reactive protein measurement,GCST001737,23144326,Kim DK,2012,Chronic obstructive pulmonary disease-related biomarkers,False,True,"Up to 1,951 European ancestry smokers | NA",https://www.ebi.ac.uk/gwas/studies/GCST001737
biomarker,CRP,C-reactive protein measurement,GCST005067,28887542,Prins BP,2017,C-reactive protein levels,True,True,"5,350 European ancestry women, 4,191 European ancestry men | 9,888 European ancestry individuals, 16,013 individuals",https://www.ebi.ac.uk/gwas/studies/GCST005067
biomarker,CRP,C-reactive protein measurement,GCST005770,29615537,Kulminski AM,2018,C-reactive protein levels,False,True,"up to 33,431 European ancestry individuals | NA",https://www.ebi.ac.uk/gwas/studies/GCST005770
biomarker,CRP,C-reactive protein measurement,GCST008236,31201950,Lutz MW,2019,C-reactive protein levels,False,True,"6,545 European ancestry individuals | NA",https://www.ebi.ac.uk/gwas/studies/GCST008236
biomarker,CRP,C-reactive protein measurement,GCST007615,30388399,Ligthart S,2018,C-reactive protein levels,False,True,"148,164 European ancestry individuals | NA",https://www.ebi.ac.uk/gwas/studies/GCST007615
biomarker,CRP,C-reactive protein measurement,GCST007614,30388399,Ligthart S,2018,C-reactive protein levels,False,True,"up to 92,771 European ancestry males, up to 113,387 European ancestry females | NA",https://www.ebi.ac.uk/gwas/studies/GCST007614
biomarker,CRP,C-reactive protein measurement,GCST008234,31201950,Lutz MW,2019,Cognitive impairment and C-reactive protein levels (pleiotropy),False,True,"355 European ancestry cases, 6,190 European ancestry controls | NA",https://www.ebi.ac.uk/gwas/studies/GCST008234
biomarker,CRP,C-reactive protein measurement,GCST008673,31367044,Locke AE,2019,Cardiometabolic traits,True,True,"up to 19,292 Finnish ancestry individuals | 24,776 Finnish ancestry individuals",https://www.ebi.ac.uk/gwas/studies/GCST008673
biomarker,CRP,C-reactive protein measurement,GCST90014002,34017140,Mbatchou J,2021,C reactive protein levels (UKB data field 30710),True,True,"389,057 British ancestry individuals | NA",https://www.ebi.ac.uk/gwas/studies/GCST90014002
biomarker,CRP,C-reactive protein measurement,GCST90027403,35240056,Auwerx C,2022,C reactive protein levels (UKB data field 30710) (CNV deletion-only model),True,True,"316,278 white British ancestry individuals | NA",https://www.ebi.ac.uk/gwas/studies/GCST90027403
biomarker,CRP,C-reactive protein measurement,GCST90102541,35045726,Richardson TG,2022,C-reactive protein levels,False,True,"438,131 European ancestry individuals | NA",https://www.ebi.ac.uk/gwas/studies/GCST90102541
biomarker,CRP,C-reactive protein measurement,GCST90029070,35459240,Said S,2022,C-reactive protein levels,True,True,"575,531 European ancestry individuals | NA",https://www.ebi.ac.uk/gwas/studies/GCST90029070
biomarker,CRP,C-reactive protein measurement,GCST90027289,35240056,Auwerx C,2022,C reactive protein levels (UKB data field 30710) (CNV mirror model),True,True,"316,278 white British ancestry individuals | NA",https://www.ebi.ac.uk/gwas/studies/GCST90027289
biomarker,CRP,C-reactive protein measurement,GCST90027346,35240056,Auwerx C,2022,C reactive protein levels (UKB data field 30710) (CNV duplication-only model),True,True,"316,278 white British ancestry individuals | NA",https://www.ebi.ac.uk/gwas/studies/GCST90027346
biomarker,CRP,C-reactive protein measurement,GCST90297454,38116119,Margoliash J,2023,C reactive protein levels (short tandem repeats),True,True,"330,101 British ancestry individuals | NA",https://www.ebi.ac.uk/gwas/studies/GCST90297454
biomarker,CRP,C-reactive protein measurement,GCST011919,33227023,Wang Y,2020,C-reactive protein levels,False,True,"8,318 European ancestry individuals | NA",https://www.ebi.ac.uk/gwas/studies/GCST011919
biomarker,CRP,C-reactive protein measurement,GCST90025959,34226706,Barton AR,2021,C-reactive protein levels,True,True,"436,939 European ancestry individuals | NA",https://www.ebi.ac.uk/gwas/studies/GCST90025959
biomarker,CRP,C-reactive protein measurement,GCST90297498,38116119,Margoliash J,2023,C reactive protein levels (short tandem repeats),True,True,"14,726 European ancestry individuals | NA",https://www.ebi.ac.uk/gwas/studies/GCST90297498
biomarker,CRP,C-reactive protein measurement,GCST90319607,38584764,Kiewa J,2024,Serum C-reactive protein concentration,True,True,"236,062 European ancestry individuals | NA",https://www.ebi.ac.uk/gwas/studies/GCST90319607
biomarker,CRP,C-reactive protein measurement,GCST90319635,38584764,Kiewa J,2024,Serum C-reactive protein concentration,True,True,"196,039 European ancestry individuals | NA",https://www.ebi.ac.uk/gwas/studies/GCST90319635
biomarker,CRP,C-reactive protein measurement,GCST90297366,38116119,Margoliash J,2023,C reactive protein levels (short tandem repeats),True,True,"11,143 Irish ancestry individuals | NA",https://www.ebi.ac.uk/gwas/studies/GCST90297366
biomarker,CRP,C-reactive protein measurement,GCST90256932,36088354,Monti R,2022,C-reactive protein levels (gene-based - predicted loss of function),True,True,"155,984 European ancestry individuals | NA",https://www.ebi.ac.uk/gwas/studies/GCST90256932
biomarker,CRP,C-reactive protein measurement,GCST90256933,36088354,Monti R,2022,C-reactive protein levels (kernel-based - missense),True,True,"155,984 European ancestry individuals | NA",https://www.ebi.ac.uk/gwas/studies/GCST90256933
biomarker,CRP,C-reactive protein measurement,GCST90256934,36088354,Monti R,2022,C-reactive protein levels (gene-based - collapsed missense),True,True,"155,984 European ancestry individuals | NA",https://www.ebi.ac.uk/gwas/studies/GCST90256934
biomarker,CRP,C-reactive protein measurement,GCST90256935,36088354,Monti R,2022,C-reactive protein levels (kernel-based - splice),True,True,"155,984 European ancestry individuals | NA",https://www.ebi.ac.uk/gwas/studies/GCST90256935
biomarker,CRP,C-reactive protein measurement,GCST90256936,36088354,Monti R,2022,C-reactive protein levels (gene-based - collapsed splice),True,True,"155,984 European ancestry individuals | NA",https://www.ebi.ac.uk/gwas/studies/GCST90256936
biomarker,CRP,C-reactive protein measurement,GCST90020178,34226488,Torgersen K,2021,Neuroticism and C-reactive protein levels,False,True,"636,511 European ancestry individuals | NA",https://www.ebi.ac.uk/gwas/studies/GCST90020178
biomarker,CRP,C-reactive protein measurement,GCST90247165,34648354,Pietzner M,2021,C-reactive protein levels,False,True,"10,708 European ancestry individuals | NA",https://www.ebi.ac.uk/gwas/studies/GCST90247165
biomarker,CRP,C-reactive protein measurement,GCST90240503,29875488,Sun BB,2018,C-reactive protein levels (CRP.4337.49.2),True,True,"3,301 European ancestry individuals | NA",https://www.ebi.ac.uk/gwas/studies/GCST90240503
biomarker,CRP,C-reactive protein measurement,GCST90179146,36376304,Koskeridis F,2022,C-reactive protein levels (MTAG),True,True,"575,531 European ancestry individuals | NA",https://www.ebi.ac.uk/gwas/studies/GCST90179146
biomarker,CRP,C-reactive protein measurement,GCST90012640,33441150,Dennis JK,2021,C reactive protein [Mass/volume] in Serum or Plasma,True,True,"20,008 European ancestry individuals | NA",https://www.ebi.ac.uk/gwas/studies/GCST90012640
biomarker,CRP,C-reactive protein measurement,GCST90133133,35534559,Howe LJ,2022,C-reactive protein levels (population-based),False,True,"upto 43,753 European ancestry sibship | NA",https://www.ebi.ac.uk/gwas/studies/GCST90133133
biomarker,CRP,C-reactive protein measurement,GCST90133157,35534559,Howe LJ,2022,C-reactive protein levels (within-sibship),False,True,"upto 43,753 European ancestry sibship | NA",https://www.ebi.ac.uk/gwas/studies/GCST90133157
biomarker,CRP,C-reactive protein measurement,GCST90475235,39024449,Verma A,2024,"C-reactive protein (CRP, dL, minimum, inv-norm transformed)",True,True,"20,574 European ancestry individuals | NA",https://www.ebi.ac.uk/gwas/studies/GCST90475235
biomarker,CRP,C-reactive protein measurement,GCST90475237,39024449,Verma A,2024,"C-reactive protein (CRP, L, minimum, inv-norm transformed)",True,True,"26,471 European ancestry individuals | NA",https://www.ebi.ac.uk/gwas/studies/GCST90475237
biomarker,CRP,C-reactive protein measurement,GCST90310151,39901012,Hu S,2025,Creatinine levels (UKB data field 30700),True,True,"327,162 British ancestry individuals | NA",https://www.ebi.ac.uk/gwas/studies/GCST90310151
biomarker,CRP,C-reactive protein measurement,GCST90476640,39024449,Verma A,2024,"C-reactive protein (CRP, dL, maximum, inv-norm transformed)",True,True,"20,594 European ancestry individuals | NA",https://www.ebi.ac.uk/gwas/studies/GCST90476640
biomarker,CRP,C-reactive protein measurement,GCST90476641,39024449,Verma A,2024,"C-reactive protein (CRP, dL, mean, inv-norm transformed)",True,True,"20,588 European ancestry individuals | NA",https://www.ebi.ac.uk/gwas/studies/GCST90476641
biomarker,CRP,C-reactive protein measurement,GCST90476643,39024449,Verma A,2024,"C-reactive protein (CRP, L, maximum, inv-norm transformed)",True,True,"26,548 European ancestry individuals | NA",https://www.ebi.ac.uk/gwas/studies/GCST90476643
biomarker,CRP,C-reactive protein measurement,GCST90476645,39024449,Verma A,2024,"C-reactive protein (CRP, L, mean, inv-norm transformed)",True,True,"26,528 European ancestry individuals | NA",https://www.ebi.ac.uk/gwas/studies/GCST90476645
biomarker,CRP,C-reactive protein measurement,GCST90309897,38351177,Jung H,2024,C reactive protein levels (UKB data field 30710),True,True,"174,488 European ancestry individuals | NA",https://www.ebi.ac.uk/gwas/studies/GCST90309897
biomarker,CRP,C-reactive protein measurement,GCST90448222,37996550,Abdel-Azim G,2023,C reactive protein levels (UKB data field 30710),False,True,"16,622 European ancestry individuals | NA",https://www.ebi.ac.uk/gwas/studies/GCST90448222
biomarker,CRP,C-reactive protein measurement,GCST90161180,38990837,Francis M,2024,C reactive protein levels x vegetarianism interaction,True,True,"146,949 European ancestry individuals | NA",https://www.ebi.ac.uk/gwas/studies/GCST90161180
biomarker,CRP,C-reactive protein measurement,GCST90161210,38990837,Francis M,2024,C reactive protein levels (adjusted for BMI) x vegetarianism interaction,True,True,"146,623 European ancestry individuals | NA",https://www.ebi.ac.uk/gwas/studies/GCST90161210
biomarker,CRP,C-reactive protein measurement,GCST90482500,39024449,Verma A,2024,Elevated C-reactive protein (CRP) (PheCode 790.8),False,True,"286 European ancestry cases, 450,022 European ancestry controls | NA",https://www.ebi.ac.uk/gwas/studies/GCST90482500
biomarker,CRP,C-reactive protein measurement,GCST90468064,39789286,Loya H,2025,C-reactive protein levels (UKB data field 30710),True,True,"394,642 European ancestry individuals | NA",https://www.ebi.ac.uk/gwas/studies/GCST90468064
biomarker,CRP,C-reactive protein measurement,GCST90621793,40789849,Yang C,2025,C-reactive protein protein level,True,True,"2,338 European ancestry individuals | NA",https://www.ebi.ac.uk/gwas/studies/GCST90621793
biomarker,CRP,C-reactive protein measurement,GCST90691573,40968291,Karczewski KJ,2025,C-reactive protein levels,True,True,"400,094 European ancestry individuals | NA",https://www.ebi.ac.uk/gwas/studies/GCST90691573
biomarker,CRP,C-reactive protein measurement,GCST90295994,35180297,Feitosa MF,2022,High-sensitivity C-reactive protein levels,False,True,"3,634 European ancestry individuals | NA",https://www.ebi.ac.uk/gwas/studies/GCST90295994
biomarker,CRP,C-reactive protein measurement,GCST90295999,35180297,Feitosa MF,2022,Forced expiratory volume and interleukin-6 levels and high-sensitivity C-reactive protein levels (pleiotropy),False,True,"11,302 European ancestry individuals | NA",https://www.ebi.ac.uk/gwas/studies/GCST90295999
biomarker,CRP,C-reactive protein measurement,GCST90296000,35180297,Feitosa MF,2022,Forced vital capacity and high-sensitivity C-reactive protein levels (pleiotropy),False,True,"11,302 European ancestry individuals | NA",https://www.ebi.ac.uk/gwas/studies/GCST90296000
biomarker,CRP,C-reactive protein measurement,GCST90296001,35180297,Feitosa MF,2022,Forced expiratory volume and high-sensitivity C-reactive protein levels (pleiotropy),False,True,"7,522 European ancestry individuals | NA",https://www.ebi.ac.uk/gwas/studies/GCST90296001
biomarker,CRP,C-reactive protein measurement,GCST90296002,35180297,Feitosa MF,2022,Forced vital capacity and high-sensitivity C-reactive protein levels (pleiotropy),False,True,"7,522 European ancestry individuals | NA",https://www.ebi.ac.uk/gwas/studies/GCST90296002
biomarker,CRP,C-reactive protein measurement,GCST90296012,35180297,Feitosa MF,2022,High-sensitivity C-reactive protein levels,False,True,"1,628 European ancestry males | NA",https://www.ebi.ac.uk/gwas/studies/GCST90296012
biomarker,CRP,C-reactive protein measurement,GCST90296017,35180297,Feitosa MF,2022,Forced expiratory volume and interleukin-6 levels and high-sensitivity C-reactive protein levels (pleiotropy),False,True,"5,073 European ancestry males | NA",https://www.ebi.ac.uk/gwas/studies/GCST90296017
biomarker,CRP,C-reactive protein measurement,GCST90296018,35180297,Feitosa MF,2022,Forced vital capacity and interleukin-6 levels and high-sensitivity C-reactive protein levels (pleiotropy),False,True,"5,073 European ancestry males | NA",https://www.ebi.ac.uk/gwas/studies/GCST90296018
biomarker,CRP,C-reactive protein measurement,GCST90296019,35180297,Feitosa MF,2022,Forced expiratory volume and high-sensitivity C-reactive protein levels (pleiotropy),False,True,"3,372 European ancestry males | NA",https://www.ebi.ac.uk/gwas/studies/GCST90296019
biomarker,CRP,C-reactive protein measurement,GCST90296020,35180297,Feitosa MF,2022,Forced vital capacity and high-sensitivity C-reactive protein levels (pleiotropy),False,True,"3,372 European ancestry males | NA",https://www.ebi.ac.uk/gwas/studies/GCST90296020
biomarker,CRP,C-reactive protein measurement,GCST90296030,35180297,Feitosa MF,2022,High-sensitivity C-reactive protein levels,False,True,"2,006 European ancestry females | NA",https://www.ebi.ac.uk/gwas/studies/GCST90296030
biomarker,CRP,C-reactive protein measurement,GCST90296035,35180297,Feitosa MF,2022,Forced expiratory volume and interleukin-6 levels and high-sensitivity C-reactive protein levels (pleiotropy),False,True,"6,229 European ancestry females | NA",https://www.ebi.ac.uk/gwas/studies/GCST90296035
biomarker,CRP,C-reactive protein measurement,GCST90296036,35180297,Feitosa MF,2022,Forced vital capacity and interleukin-6 levels and high-sensitivity C-reactive protein levels (pleiotropy),False,True,"6,229 European ancestry females | NA",https://www.ebi.ac.uk/gwas/studies/GCST90296036
biomarker,CRP,C-reactive protein measurement,GCST90296037,35180297,Feitosa MF,2022,Forced expiratory volume and high-sensitivity C-reactive protein levels (pleiotropy),False,True,"4,227 European ancestry females | NA",https://www.ebi.ac.uk/gwas/studies/GCST90296037
biomarker,CRP,C-reactive protein measurement,GCST90296038,35180297,Feitosa MF,2022,Forced vital capacity and high-sensitivity C-reactive protein levels (pleiotropy),False,True,"4,227 European ancestry females | NA",https://www.ebi.ac.uk/gwas/studies/GCST90296038
biomarker,CRP,C-reactive protein measurement,GCST90474347,40770095,UK Biobank Whole-Genome Sequencing Consortium,2025,C-reactive protein levels (UKB data field 30710),True,True,"2,652 Ashkenazi Jewish individuals | NA",https://www.ebi.ac.uk/gwas/studies/GCST90474347
biomarker,CRP,C-reactive protein measurement,GCST90474349,40770095,UK Biobank Whole-Genome Sequencing Consortium,2025,C-reactive protein levels (UKB data field 30710),True,True,"431,118 Non-Finnish European ancestry individuals | NA",https://www.ebi.ac.uk/gwas/studies/GCST90474349
biomarker,CRP,C-reactive protein measurement,GCST90079026,34662886,Backman JD,2021,C reactive protein levels (UKB data field 30710),True,True,"411,229 European ancestry individuals | 21,098 European ancestry individuals",https://www.ebi.ac.uk/gwas/studies/GCST90079026
biomarker,CRP,C-reactive protein measurement,GCST90727309,41896352,Kim HI,2026,C-reactive protein levels,True,True,"21,427 British Bangladeshi or British Pakistani individuals | 11,863 British Bangladeshi or British Pakistani individuals",https://www.ebi.ac.uk/gwas/studies/GCST90727309
biomarker,CRP,C-reactive protein measurement,GCST90682396,41606330,Namba S,2026,CRP x sex interaction,True,True,"236,812 British ancestry individuals | 32,633 British ancestry individuals",https://www.ebi.ac.uk/gwas/studies/GCST90682396
biomarker,CRP,C-reactive protein measurement,GCST90682443,41606330,Namba S,2026,CRP x age interaction,True,True,"236,812 British ancestry individuals | 32,633 British ancestry individuals",https://www.ebi.ac.uk/gwas/studies/GCST90682443
biomarker,CRP,C-reactive protein measurement,GCST90682490,41606330,Namba S,2026,CRP x ever-drinking interaction,True,True,"236,737 British ancestry individuals | 32,602 British ancestry individuals",https://www.ebi.ac.uk/gwas/studies/GCST90682490
biomarker,CRP,C-reactive protein measurement,GCST90682537,41606330,Namba S,2026,CRP x ever-smoking interaction,True,True,"236,306 British ancestry individuals | 32,520 British ancestry individuals",https://www.ebi.ac.uk/gwas/studies/GCST90682537
biomarker,CRP,C-reactive protein measurement,GCST90682584,41606330,Namba S,2026,CRP x current-smoking interaction,True,True,"236,306 British ancestry individuals | 32,520 British ancestry individuals",https://www.ebi.ac.uk/gwas/studies/GCST90682584
biomarker,CRP,C-reactive protein measurement,GCST90682631,41606330,Namba S,2026,CRP x meat and cheese interaction,True,True,"236,783 British ancestry individuals | 25,899 British ancestry individuals",https://www.ebi.ac.uk/gwas/studies/GCST90682631
biomarker,CRP,C-reactive protein measurement,GCST90682678,41606330,Namba S,2026,CRP x vegetable and fish interaction,True,True,"236,783 British ancestry individuals | 25,899 British ancestry individuals",https://www.ebi.ac.uk/gwas/studies/GCST90682678
biomarker,CRP,C-reactive protein measurement,GCST90682725,41606330,Namba S,2026,CRP x tea and coffee interaction,True,True,"236,783 British ancestry individuals | 25,899 British ancestry individuals",https://www.ebi.ac.uk/gwas/studies/GCST90682725
biomarker,CRP,C-reactive protein measurement,GCST90682772,41606330,Namba S,2026,CRP x physical activity interaction,True,True,"236,783 British ancestry individuals | 25,899 British ancestry individuals",https://www.ebi.ac.uk/gwas/studies/GCST90682772
biomarker,CRP,C-reactive protein measurement,GCST90682819,41606330,Namba S,2026,"CRP x commonly-tested environments (Sex, Age, Ever-drinking, Ever-smoking, and Current-smoking) interaction",True,True,"236,235 British ancestry individuals | 32,494 British ancestry individuals",https://www.ebi.ac.uk/gwas/studies/GCST90682819
biomarker,CRP,C-reactive protein measurement,GCST90682866,41606330,Namba S,2026,"CRP x all environments (Sex, Age, Ever-drinking, Ever-smoking, Current-smoking, Meat and cheese, Vegetable and fish, Tea and coffee, and Physical activity) interaction",True,True,"236,206 British ancestry individuals | 25,828 British ancestry individuals",https://www.ebi.ac.uk/gwas/studies/GCST90682866
biomarker,CRP,C-reactive protein measurement,GCST90083012,34662886,Backman JD,2021,C reactive protein levels (UKB data field 30710) (Gene-based burden),True,True,"411,229 European ancestry individuals | NA",https://www.ebi.ac.uk/gwas/studies/GCST90083012
biomarker,WBC count,White blood cell count,GCST001137,21738480,Nalls MA,2011,White blood cell count,False,True,"19,509 European ancestry individuals | 11,823 European ancestry individuals",https://www.ebi.ac.uk/gwas/studies/GCST001137
biomarker,WBC count,White blood cell count,GCST004610,27863252,Astle WJ,2016,White blood cell count,True,True,"172,435 European ancestry individuals | NA",https://www.ebi.ac.uk/gwas/studies/GCST004610
biomarker,WBC count,White blood cell count,GCST008419,19853236,Ferreira MA,2009,White blood cell count,True,True,"2,538 European ancestry individuals, 3,477 individuals | 1,543 individuals",https://www.ebi.ac.uk/gwas/studies/GCST008419
biomarker,WBC count,White blood cell count,GCST007070,30595370,Kichaev G,2018,White blood cell count,False,True,"approximately 444,000 European ancestry individuals | NA",https://www.ebi.ac.uk/gwas/studies/GCST007070
biomarker,WBC count,White blood cell count,GCST90002374,32888493,Chen MH,2020,White blood cell count,True,True,"562,243 European ancestry individuals | NA",https://www.ebi.ac.uk/gwas/studies/GCST90002374
biomarker,WBC count,White blood cell count,GCST009468,24777453,Auer PL,2014,White blood cell count,False,True,"24,814 European ancestry individuals  | 6,526 European ancestry individuals ",https://www.ebi.ac.uk/gwas/studies/GCST009468
biomarker,WBC count,White blood cell count,GCST90002407,32888494,Vuckovic D,2020,White blood cell count,True,True,"408,112 British individuals | NA",https://www.ebi.ac.uk/gwas/studies/GCST90002407
biomarker,WBC count,White blood cell count,GCST010227,28031487,Guo MH,2016,White blood cell count,False,True,"7,116 European ancestry individuals | NA",https://www.ebi.ac.uk/gwas/studies/GCST010227
biomarker,WBC count,White blood cell count,GCST90029003,29892013,Loh PR,2018,White blood cell count,True,True,"503,190 European ancestry individuals | NA",https://www.ebi.ac.uk/gwas/studies/GCST90029003
biomarker,WBC count,White blood cell count,GCST90026519,34107879,Hu Y,2021,White blood cell count,False,True,"27,236 European ancestry individuals | NA",https://www.ebi.ac.uk/gwas/studies/GCST90026519
biomarker,WBC count,White blood cell count,GCST90025985,34226706,Barton AR,2021,White blood cell count,True,True,"444,734 European ancestry individuals | NA",https://www.ebi.ac.uk/gwas/studies/GCST90025985
biomarker,WBC count,White blood cell count,GCST90278195,36930802,Gagnon MF,2023,White blood cell count,False,True,"2,465 French ancestry older women | NA",https://www.ebi.ac.uk/gwas/studies/GCST90278195
biomarker,WBC count,White blood cell count,GCST90727370,41896352,Kim HI,2026,White blood cell count,True,True,"32,726 British Bangladeshi or British Pakistani individuals | 11,863 British Bangladeshi or British Pakistani individuals",https://www.ebi.ac.uk/gwas/studies/GCST90727370
biomarker,neutrophil count,neutrophil count,GCST90002398,32888494,Vuckovic D,2020,Neutrophil count,True,True,"408,112 British individuals | NA",https://www.ebi.ac.uk/gwas/studies/GCST90002398
biomarker,neutrophil count,neutrophil count,GCST010230,28031487,Guo MH,2016,Neutrophil count,False,True,"2,080 European ancestry individuals | NA",https://www.ebi.ac.uk/gwas/studies/GCST010230
biomarker,neutrophil count,neutrophil count,GCST90002351,32888493,Chen MH,2020,Neutrophil count,True,True,"519,288 European ancestry individuals | NA",https://www.ebi.ac.uk/gwas/studies/GCST90002351
biomarker,neutrophil count,neutrophil count,GCST004629,27863252,Astle WJ,2016,Neutrophil count,True,True,"170,702 European ancestry individuals | NA",https://www.ebi.ac.uk/gwas/studies/GCST004629
biomarker,neutrophil count,neutrophil count,GCST005056,29066854,Lin BD,2017,Neutrophil count,False,True,"5,901 Dutch ancestry individuals | 2,538 individuals",https://www.ebi.ac.uk/gwas/studies/GCST005056
biomarker,neutrophil count,neutrophil count,GCST008425,19853236,Ferreira MA,2009,Neutrophil count,True,True,"2,538 European ancestry individuals, 3,477 individuals | 1,543 individuals",https://www.ebi.ac.uk/gwas/studies/GCST008425
biomarker,neutrophil count,neutrophil count,GCST90013984,34017140,Mbatchou J,2021,Neutrophill count (UKB data field 30140),True,True,"395,949 British ancestry individuals | NA",https://www.ebi.ac.uk/gwas/studies/GCST90013984
biomarker,neutrophil count,neutrophil count,GCST90027366,35240056,Auwerx C,2022,Neutrophill count (UKB data field 30140) (CNV duplication-only model),True,True,"321,953 white British ancestry individuals | NA",https://www.ebi.ac.uk/gwas/studies/GCST90027366
biomarker,neutrophil count,neutrophil count,GCST90027423,35240056,Auwerx C,2022,Neutrophill count (UKB data field 30140) (CNV deletion-only model),True,True,"321,953 white British ancestry individuals | NA",https://www.ebi.ac.uk/gwas/studies/GCST90027423
biomarker,neutrophil count,neutrophil count,GCST90027309,35240056,Auwerx C,2022,Neutrophill count (UKB data field 30140) (CNV mirror model),True,True,"321,953 white British ancestry individuals | NA",https://www.ebi.ac.uk/gwas/studies/GCST90027309
biomarker,neutrophil count,neutrophil count,GCST90297388,38116119,Margoliash J,2023,Neutrophil count (short tandem repeats),True,True,"11,337 Irish ancestry individuals | NA",https://www.ebi.ac.uk/gwas/studies/GCST90297388
biomarker,neutrophil count,neutrophil count,GCST90297476,38116119,Margoliash J,2023,Neutrophil count (short tandem repeats),True,True,"335,081 British ancestry individuals | NA",https://www.ebi.ac.uk/gwas/studies/GCST90297476
biomarker,neutrophil count,neutrophil count,GCST90056178,34469753,Kachuri L,2021,Neutrophil count,False,True,"234,802 European ancestry individuals | 100,556 European ancestry individuals",https://www.ebi.ac.uk/gwas/studies/GCST90056178
biomarker,neutrophil count,neutrophil count,GCST90025977,34226706,Barton AR,2021,Neutrophil count,True,True,"443,782 European ancestry individuals | NA",https://www.ebi.ac.uk/gwas/studies/GCST90025977
biomarker,neutrophil count,neutrophil count,GCST90026524,34107879,Hu Y,2021,White blood cell count (neutrophil),False,True,"27,236 European ancestry individuals | NA",https://www.ebi.ac.uk/gwas/studies/GCST90026524
biomarker,neutrophil count,neutrophil count,GCST90297520,38116119,Margoliash J,2023,Neutrophil count (short tandem repeats),True,True,"15,039 European ancestry individuals | NA",https://www.ebi.ac.uk/gwas/studies/GCST90297520
biomarker,neutrophil count,neutrophil count,GCST90278196,36930802,Gagnon MF,2023,Neutrophil count,False,True,"2,465 French ancestry older women | NA",https://www.ebi.ac.uk/gwas/studies/GCST90278196
biomarker,neutrophil count,neutrophil count,GCST90012703,33441150,Dennis JK,2021,Neutrophils [#/volume] in Blood,True,True,"26,402 European ancestry individuals | NA",https://www.ebi.ac.uk/gwas/studies/GCST90012703
biomarker,neutrophil count,neutrophil count,GCST90012709,33441150,Dennis JK,2021,Absolute neutrophil count,True,True,"25,118 European ancestry individuals | NA",https://www.ebi.ac.uk/gwas/studies/GCST90012709
biomarker,neutrophil count,neutrophil count,GCST90082979,34662886,Backman JD,2021,Neutrophill count (UKB data field 30140) (Gene-based burden),True,True,"418,449 European ancestry individuals | NA",https://www.ebi.ac.uk/gwas/studies/GCST90082979
biomarker,neutrophil count,neutrophil count,GCST90565700,40335489,Xiang R,2025,Neutrophil count variance,True,True,"406,787 European ancestry individuals | NA",https://www.ebi.ac.uk/gwas/studies/GCST90565700
biomarker,neutrophil count,neutrophil count,GCST90475526,39024449,Verma A,2024,"neutrophil (absolute count, maximum, inv-norm transformed)",True,True,"274,370 European ancestry individuals | NA",https://www.ebi.ac.uk/gwas/studies/GCST90475526
biomarker,neutrophil count,neutrophil count,GCST90475529,39024449,Verma A,2024,"neutrophil (absolute count, mean, inv-norm transformed)",True,True,"275,053 European ancestry individuals | NA",https://www.ebi.ac.uk/gwas/studies/GCST90475529
biomarker,neutrophil count,neutrophil count,GCST90475532,39024449,Verma A,2024,"neutrophil (absolute count, minimum, inv-norm transformed)",True,True,"275,068 European ancestry individuals | NA",https://www.ebi.ac.uk/gwas/studies/GCST90475532
biomarker,neutrophil count,neutrophil count,GCST90475535,39024449,Verma A,2024,"neutrophil (fraction, maximum, inv-norm transformed)",True,True,"261,863 European ancestry individuals | NA",https://www.ebi.ac.uk/gwas/studies/GCST90475535
biomarker,neutrophil count,neutrophil count,GCST90475538,39024449,Verma A,2024,"neutrophil (fraction, mean, inv-norm transformed)",True,True,"261,847 European ancestry individuals | NA",https://www.ebi.ac.uk/gwas/studies/GCST90475538
biomarker,neutrophil count,neutrophil count,GCST90475541,39024449,Verma A,2024,"neutrophil (fraction, minimum, inv-norm transformed)",True,True,"261,863 European ancestry individuals | NA",https://www.ebi.ac.uk/gwas/studies/GCST90475541
biomarker,neutrophil count,neutrophil count,GCST90310174,39901012,Hu S,2025,Neutrophill count (UKB data field 30140),True,True,"333,152 British ancestry individuals | NA",https://www.ebi.ac.uk/gwas/studies/GCST90310174
biomarker,neutrophil count,neutrophil count,GCST90309875,38351177,Jung H,2024,Neutrophill count (UKB data field 30140),True,True,"174,488 European ancestry individuals | NA",https://www.ebi.ac.uk/gwas/studies/GCST90309875
biomarker,neutrophil count,neutrophil count,GCST90078993,34662886,Backman JD,2021,Neutrophill count (UKB data field 30140),True,True,"418,449 European ancestry individuals | 87,654 European ancestry individuals",https://www.ebi.ac.uk/gwas/studies/GCST90078993
biomarker,neutrophil count,neutrophil count,GCST90468092,39789286,Loya H,2025,Neutrophill count (UKB data field 30140),True,True,"394,642 European ancestry individuals | NA",https://www.ebi.ac.uk/gwas/studies/GCST90468092
biomarker,neutrophil count,neutrophil count,GCST90691823,40968291,Karczewski KJ,2025,Neutrophill count (UKB data field 30140),True,True,"407,265 European ancestry individuals | NA",https://www.ebi.ac.uk/gwas/studies/GCST90691823
biomarker,neutrophil count,neutrophil count,GCST90474529,40770095,UK Biobank Whole-Genome Sequencing Consortium,2025,Neutrophill count (UKB data field 30140),True,True,"2,686 Ashkenazi Jewish individuals | NA",https://www.ebi.ac.uk/gwas/studies/GCST90474529
biomarker,neutrophil count,neutrophil count,GCST90474531,40770095,UK Biobank Whole-Genome Sequencing Consortium,2025,Neutrophill count (UKB data field 30140),True,True,"441,305 Non-Finnish European ancestry individuals | NA",https://www.ebi.ac.uk/gwas/studies/GCST90474531
biomarker,neutrophil count,neutrophil count,GCST90682372,41606330,Namba S,2026,Neutrophil x sex interaction,True,True,"263,520 British ancestry individuals | 36,644 British ancestry individuals",https://www.ebi.ac.uk/gwas/studies/GCST90682372
biomarker,neutrophil count,neutrophil count,GCST90682419,41606330,Namba S,2026,Neutrophil x age interaction,True,True,"263,520 British ancestry individuals | 36,644 British ancestry individuals",https://www.ebi.ac.uk/gwas/studies/GCST90682419
biomarker,neutrophil count,neutrophil count,GCST90682466,41606330,Namba S,2026,Neutrophil x ever-drinking interaction,True,True,"263,432 British ancestry individuals | 36,608 British ancestry individuals",https://www.ebi.ac.uk/gwas/studies/GCST90682466
biomarker,neutrophil count,neutrophil count,GCST90682513,41606330,Namba S,2026,Neutrophil x ever-smoking interaction,True,True,"262,943 British ancestry individuals | 36,513 British ancestry individuals",https://www.ebi.ac.uk/gwas/studies/GCST90682513
biomarker,neutrophil count,neutrophil count,GCST90682560,41606330,Namba S,2026,Neutrophil x current-smoking interaction,True,True,"262,943 British ancestry individuals | 36,513 British ancestry individuals",https://www.ebi.ac.uk/gwas/studies/GCST90682560
biomarker,neutrophil count,neutrophil count,GCST90682607,41606330,Namba S,2026,Neutrophil x meat and cheese interaction,True,True,"263,490 British ancestry individuals | 28,958 British ancestry individuals",https://www.ebi.ac.uk/gwas/studies/GCST90682607
biomarker,neutrophil count,neutrophil count,GCST90682654,41606330,Namba S,2026,Neutrophil x vegetable and fish interaction,True,True,"263,490 British ancestry individuals | 28,958 British ancestry individuals",https://www.ebi.ac.uk/gwas/studies/GCST90682654
biomarker,neutrophil count,neutrophil count,GCST90682701,41606330,Namba S,2026,Neutrophil x tea and coffee interaction,True,True,"263,490 British ancestry individuals | 28,958 British ancestry individuals",https://www.ebi.ac.uk/gwas/studies/GCST90682701
biomarker,neutrophil count,neutrophil count,GCST90682748,41606330,Namba S,2026,Neutrophil x physical activity interaction,True,True,"263,490 British ancestry individuals | 28,958 British ancestry individuals",https://www.ebi.ac.uk/gwas/studies/GCST90682748
biomarker,neutrophil count,neutrophil count,GCST90682795,41606330,Namba S,2026,"Neutrophil x commonly-tested environments (Sex, Age, Ever-drinking, Ever-smoking, and Current-smoking) interaction",True,True,"262,859 British ancestry individuals | 36,483 British ancestry individuals",https://www.ebi.ac.uk/gwas/studies/GCST90682795
biomarker,neutrophil count,neutrophil count,GCST90682842,41606330,Namba S,2026,"Neutrophil x all environments (Sex, Age, Ever-drinking, Ever-smoking, Current-smoking, Meat and cheese, Vegetable and fish, Tea and coffee, and Physical activity) interaction",True,True,"262,829 British ancestry individuals | 28,879 British ancestry individuals",https://www.ebi.ac.uk/gwas/studies/GCST90682842
biomarker,lymphocyte count,lymphocyte count,GCST90002388,32888494,Vuckovic D,2020,Lymphocyte count,True,True,"408,112 British individuals | NA",https://www.ebi.ac.uk/gwas/studies/GCST90002388
biomarker,lymphocyte count,lymphocyte count,GCST90001391,32929287,Orrù V,2020,IgD+ B cell %B cell,True,True,"3,658 Sardinian (founder/genetic isolate) ancestry individuals | NA",https://www.ebi.ac.uk/gwas/studies/GCST90001391
biomarker,lymphocyte count,lymphocyte count,GCST90001392,32929287,Orrù V,2020,IgD+ CD38+ B cell Absolute Count,True,True,"3,656 Sardinian (founder/genetic isolate) ancestry individuals | NA",https://www.ebi.ac.uk/gwas/studies/GCST90001392
biomarker,lymphocyte count,lymphocyte count,GCST90001393,32929287,Orrù V,2020,IgD+ CD38dim B cell %B cell,True,True,"3,657 Sardinian (founder/genetic isolate) ancestry individuals | NA",https://www.ebi.ac.uk/gwas/studies/GCST90001393
biomarker,lymphocyte count,lymphocyte count,GCST90001394,32929287,Orrù V,2020,IgD+ CD38dim B cell Absolute Count,True,True,"3,656 Sardinian (founder/genetic isolate) ancestry individuals | NA",https://www.ebi.ac.uk/gwas/studies/GCST90001394
biomarker,lymphocyte count,lymphocyte count,GCST90001395,32929287,Orrù V,2020,IgD+ CD38- B cell %B cell,True,True,"3,657 Sardinian (founder/genetic isolate) ancestry individuals | NA",https://www.ebi.ac.uk/gwas/studies/GCST90001395
biomarker,lymphocyte count,lymphocyte count,GCST90001396,32929287,Orrù V,2020,IgD+ CD38- B cell Absolute Count,True,True,"3,656 Sardinian (founder/genetic isolate) ancestry individuals | NA",https://www.ebi.ac.uk/gwas/studies/GCST90001396
biomarker,lymphocyte count,lymphocyte count,GCST90001397,32929287,Orrù V,2020,Unswitched memory B cell %B cell,True,True,"3,657 Sardinian (founder/genetic isolate) ancestry individuals | NA",https://www.ebi.ac.uk/gwas/studies/GCST90001397
biomarker,lymphocyte count,lymphocyte count,GCST90001398,32929287,Orrù V,2020,Unswitched memory B cell Absolute Count,True,True,"3,656 Sardinian (founder/genetic isolate) ancestry individuals | NA",https://www.ebi.ac.uk/gwas/studies/GCST90001398
biomarker,lymphocyte count,lymphocyte count,GCST90001399,32929287,Orrù V,2020,IgD- CD27- B cell %B cell,True,True,"3,657 Sardinian (founder/genetic isolate) ancestry individuals | NA",https://www.ebi.ac.uk/gwas/studies/GCST90001399
biomarker,lymphocyte count,lymphocyte count,GCST90001400,32929287,Orrù V,2020,IgD+ B cell Absolute Count,True,True,"3,657 Sardinian (founder/genetic isolate) ancestry individuals | NA",https://www.ebi.ac.uk/gwas/studies/GCST90001400
biomarker,lymphocyte count,lymphocyte count,GCST90001401,32929287,Orrù V,2020,IgD- CD27- B cell Absolute Count,True,True,"3,656 Sardinian (founder/genetic isolate) ancestry individuals | NA",https://www.ebi.ac.uk/gwas/studies/GCST90001401
biomarker,lymphocyte count,lymphocyte count,GCST90001402,32929287,Orrù V,2020,Switched memory B cell %B cell,True,True,"3,657 Sardinian (founder/genetic isolate) ancestry individuals | NA",https://www.ebi.ac.uk/gwas/studies/GCST90001402
biomarker,lymphocyte count,lymphocyte count,GCST90001403,32929287,Orrù V,2020,Switched memory B cell Absolute Count,True,True,"3,656 Sardinian (founder/genetic isolate) ancestry individuals | NA",https://www.ebi.ac.uk/gwas/studies/GCST90001403
biomarker,lymphocyte count,lymphocyte count,GCST90001404,32929287,Orrù V,2020,Plasma Blast-Plasma Cell %B cell,True,True,"3,658 Sardinian (founder/genetic isolate) ancestry individuals | NA",https://www.ebi.ac.uk/gwas/studies/GCST90001404
biomarker,lymphocyte count,lymphocyte count,GCST90001405,32929287,Orrù V,2020,Plasma Blast-Plasma Cell Absolute Count,True,True,"3,657 Sardinian (founder/genetic isolate) ancestry individuals | NA",https://www.ebi.ac.uk/gwas/studies/GCST90001405
biomarker,lymphocyte count,lymphocyte count,GCST90001406,32929287,Orrù V,2020,Memory B cell %B cell,True,True,"3,657 Sardinian (founder/genetic isolate) ancestry individuals | NA",https://www.ebi.ac.uk/gwas/studies/GCST90001406
biomarker,lymphocyte count,lymphocyte count,GCST90001407,32929287,Orrù V,2020,Memory B cell Absolute Count,True,True,"3,656 Sardinian (founder/genetic isolate) ancestry individuals | NA",https://www.ebi.ac.uk/gwas/studies/GCST90001407
biomarker,lymphocyte count,lymphocyte count,GCST90001408,32929287,Orrù V,2020,Naive-mature B cell %B cell,True,True,"3,657 Sardinian (founder/genetic isolate) ancestry individuals | NA",https://www.ebi.ac.uk/gwas/studies/GCST90001408
biomarker,lymphocyte count,lymphocyte count,GCST90001409,32929287,Orrù V,2020,Naive-mature B cell Absolute Count,True,True,"3,656 Sardinian (founder/genetic isolate) ancestry individuals | NA",https://www.ebi.ac.uk/gwas/studies/GCST90001409
biomarker,lymphocyte count,lymphocyte count,GCST90001410,32929287,Orrù V,2020,IgD- CD38+ B cell %B cell,True,True,"3,657 Sardinian (founder/genetic isolate) ancestry individuals | NA",https://www.ebi.ac.uk/gwas/studies/GCST90001410
biomarker,lymphocyte count,lymphocyte count,GCST90001411,32929287,Orrù V,2020,IgD+ CD24+ B cell %B cell,True,True,"3,657 Sardinian (founder/genetic isolate) ancestry individuals | NA",https://www.ebi.ac.uk/gwas/studies/GCST90001411
biomarker,lymphocyte count,lymphocyte count,GCST90001412,32929287,Orrù V,2020,IgD+ CD24+ B cell Absolute Count,True,True,"3,656 Sardinian (founder/genetic isolate) ancestry individuals | NA",https://www.ebi.ac.uk/gwas/studies/GCST90001412
biomarker,lymphocyte count,lymphocyte count,GCST90001413,32929287,Orrù V,2020,IgD- CD24- B cell %B cell,True,True,"3,657 Sardinian (founder/genetic isolate) ancestry individuals | NA",https://www.ebi.ac.uk/gwas/studies/GCST90001413
biomarker,lymphocyte count,lymphocyte count,GCST90001414,32929287,Orrù V,2020,IgD- CD24- B cell Absolute Count,True,True,"3,656 Sardinian (founder/genetic isolate) ancestry individuals | NA",https://www.ebi.ac.uk/gwas/studies/GCST90001414
biomarker,lymphocyte count,lymphocyte count,GCST90001415,32929287,Orrù V,2020,IgD+ CD24- B cell %B cell,True,True,"3,657 Sardinian (founder/genetic isolate) ancestry individuals | NA",https://www.ebi.ac.uk/gwas/studies/GCST90001415
biomarker,lymphocyte count,lymphocyte count,GCST90001416,32929287,Orrù V,2020,IgD+ CD24- B cell Absolute Count,True,True,"3,656 Sardinian (founder/genetic isolate) ancestry individuals | NA",https://www.ebi.ac.uk/gwas/studies/GCST90001416
biomarker,lymphocyte count,lymphocyte count,GCST90001417,32929287,Orrù V,2020,CD24+ CD27+ B cell %B cell,True,True,"3,657 Sardinian (founder/genetic isolate) ancestry individuals | NA",https://www.ebi.ac.uk/gwas/studies/GCST90001417
biomarker,lymphocyte count,lymphocyte count,GCST90001418,32929287,Orrù V,2020,CD24+ CD27+ B cell Absolute Count,True,True,"3,656 Sardinian (founder/genetic isolate) ancestry individuals | NA",https://www.ebi.ac.uk/gwas/studies/GCST90001418
biomarker,lymphocyte count,lymphocyte count,GCST90001419,32929287,Orrù V,2020,CD20- B cell %B cell,True,True,"3,658 Sardinian (founder/genetic isolate) ancestry individuals | NA",https://www.ebi.ac.uk/gwas/studies/GCST90001419
biomarker,lymphocyte count,lymphocyte count,GCST90001420,32929287,Orrù V,2020,IgD- CD38+ B cell Absolute Count,True,True,"3,656 Sardinian (founder/genetic isolate) ancestry individuals | NA",https://www.ebi.ac.uk/gwas/studies/GCST90001420
biomarker,lymphocyte count,lymphocyte count,GCST90001421,32929287,Orrù V,2020,CD20- B cell Absolute Count,True,True,"3,657 Sardinian (founder/genetic isolate) ancestry individuals | NA",https://www.ebi.ac.uk/gwas/studies/GCST90001421
biomarker,lymphocyte count,lymphocyte count,GCST90001422,32929287,Orrù V,2020,CD20- CD38- B cell %B cell,True,True,"3,659 Sardinian (founder/genetic isolate) ancestry individuals | NA",https://www.ebi.ac.uk/gwas/studies/GCST90001422
biomarker,lymphocyte count,lymphocyte count,GCST90001423,32929287,Orrù V,2020,CD20- CD38- B cell Absolute Count,True,True,"3,658 Sardinian (founder/genetic isolate) ancestry individuals | NA",https://www.ebi.ac.uk/gwas/studies/GCST90001423
biomarker,lymphocyte count,lymphocyte count,GCST90001424,32929287,Orrù V,2020,IgD+ B cell %Lymphocyte,True,True,"3,657 Sardinian (founder/genetic isolate) ancestry individuals | NA",https://www.ebi.ac.uk/gwas/studies/GCST90001424
biomarker,lymphocyte count,lymphocyte count,GCST90001425,32929287,Orrù V,2020,IgD- CD38+ B cell %lymphocyte,True,True,"3,656 Sardinian (founder/genetic isolate) ancestry individuals | NA",https://www.ebi.ac.uk/gwas/studies/GCST90001425
biomarker,lymphocyte count,lymphocyte count,GCST90001426,32929287,Orrù V,2020,IgD- CD38dim B cell %lymphocyte,True,True,"3,656 Sardinian (founder/genetic isolate) ancestry individuals | NA",https://www.ebi.ac.uk/gwas/studies/GCST90001426
biomarker,lymphocyte count,lymphocyte count,GCST90001427,32929287,Orrù V,2020,IgD- CD38- B cell %lymphocyte,True,True,"3,656 Sardinian (founder/genetic isolate) ancestry individuals | NA",https://www.ebi.ac.uk/gwas/studies/GCST90001427
biomarker,lymphocyte count,lymphocyte count,GCST90001428,32929287,Orrù V,2020,IgD- CD38dim B cell %B cell,True,True,"3,657 Sardinian (founder/genetic isolate) ancestry individuals | NA",https://www.ebi.ac.uk/gwas/studies/GCST90001428
biomarker,lymphocyte count,lymphocyte count,GCST90001429,32929287,Orrù V,2020,IgD+ CD38+ B cell %lymphocyte,True,True,"3,656 Sardinian (founder/genetic isolate) ancestry individuals | NA",https://www.ebi.ac.uk/gwas/studies/GCST90001429
biomarker,lymphocyte count,lymphocyte count,GCST90001430,32929287,Orrù V,2020,IgD+ CD38dim B cell %lymphocyte,True,True,"3,656 Sardinian (founder/genetic isolate) ancestry individuals | NA",https://www.ebi.ac.uk/gwas/studies/GCST90001430
biomarker,lymphocyte count,lymphocyte count,GCST90001431,32929287,Orrù V,2020,IgD+ CD38- B cell %lymphocyte,True,True,"3,656 Sardinian (founder/genetic isolate) ancestry individuals | NA",https://www.ebi.ac.uk/gwas/studies/GCST90001431
biomarker,lymphocyte count,lymphocyte count,GCST90001432,32929287,Orrù V,2020,Unswitched memory B cell %lymphocyte,True,True,"3,656 Sardinian (founder/genetic isolate) ancestry individuals | NA",https://www.ebi.ac.uk/gwas/studies/GCST90001432
biomarker,lymphocyte count,lymphocyte count,GCST90001433,32929287,Orrù V,2020,IgD- CD27- B cell %lymphocyte,True,True,"3,656 Sardinian (founder/genetic isolate) ancestry individuals | NA",https://www.ebi.ac.uk/gwas/studies/GCST90001433
biomarker,lymphocyte count,lymphocyte count,GCST90001434,32929287,Orrù V,2020,Switched memory B cell %lymphocyte,True,True,"3,656 Sardinian (founder/genetic isolate) ancestry individuals | NA",https://www.ebi.ac.uk/gwas/studies/GCST90001434
biomarker,lymphocyte count,lymphocyte count,GCST90001435,32929287,Orrù V,2020,Plasma Blast-Plasma Cell %lymphocyte,True,True,"3,657 Sardinian (founder/genetic isolate) ancestry individuals | NA",https://www.ebi.ac.uk/gwas/studies/GCST90001435
biomarker,lymphocyte count,lymphocyte count,GCST90001436,32929287,Orrù V,2020,Memory B cell %lymphocyte,True,True,"3,656 Sardinian (founder/genetic isolate) ancestry individuals | NA",https://www.ebi.ac.uk/gwas/studies/GCST90001436
biomarker,lymphocyte count,lymphocyte count,GCST90001437,32929287,Orrù V,2020,Naive-mature B cell %lymphocyte,True,True,"3,656 Sardinian (founder/genetic isolate) ancestry individuals | NA",https://www.ebi.ac.uk/gwas/studies/GCST90001437
biomarker,lymphocyte count,lymphocyte count,GCST90001438,32929287,Orrù V,2020,IgD- CD38dim B cell Absolute Count,True,True,"3,656 Sardinian (founder/genetic isolate) ancestry individuals | NA",https://www.ebi.ac.uk/gwas/studies/GCST90001438
biomarker,lymphocyte count,lymphocyte count,GCST90001439,32929287,Orrù V,2020,IgD+ CD24+ B cell %lymphocyte,True,True,"3,656 Sardinian (founder/genetic isolate) ancestry individuals | NA",https://www.ebi.ac.uk/gwas/studies/GCST90001439
biomarker,lymphocyte count,lymphocyte count,GCST90001440,32929287,Orrù V,2020,IgD- CD24- B cell %lymphocyte,True,True,"3,656 Sardinian (founder/genetic isolate) ancestry individuals | NA",https://www.ebi.ac.uk/gwas/studies/GCST90001440
biomarker,lymphocyte count,lymphocyte count,GCST90001441,32929287,Orrù V,2020,IgD+ CD24- B cell %lymphocyte,True,True,"3,656 Sardinian (founder/genetic isolate) ancestry individuals | NA",https://www.ebi.ac.uk/gwas/studies/GCST90001441
biomarker,lymphocyte count,lymphocyte count,GCST90001442,32929287,Orrù V,2020,CD24+ CD27+ B cell %lymphocyte,True,True,"3,656 Sardinian (founder/genetic isolate) ancestry individuals | NA",https://www.ebi.ac.uk/gwas/studies/GCST90001442
biomarker,lymphocyte count,lymphocyte count,GCST90001443,32929287,Orrù V,2020,CD20- B cell %lymphocyte,True,True,"3,657 Sardinian (founder/genetic isolate) ancestry individuals | NA",https://www.ebi.ac.uk/gwas/studies/GCST90001443
biomarker,lymphocyte count,lymphocyte count,GCST90001444,32929287,Orrù V,2020,CD20- CD38- B cell %lymphocyte,True,True,"3,658 Sardinian (founder/genetic isolate) ancestry individuals | NA",https://www.ebi.ac.uk/gwas/studies/GCST90001444
biomarker,lymphocyte count,lymphocyte count,GCST90001445,32929287,Orrù V,2020,IgD- CD38- B cell %B cell,True,True,"3,657 Sardinian (founder/genetic isolate) ancestry individuals | NA",https://www.ebi.ac.uk/gwas/studies/GCST90001445
biomarker,lymphocyte count,lymphocyte count,GCST90001446,32929287,Orrù V,2020,IgD- CD38- B cell Absolute Count,True,True,"3,656 Sardinian (founder/genetic isolate) ancestry individuals | NA",https://www.ebi.ac.uk/gwas/studies/GCST90001446
biomarker,lymphocyte count,lymphocyte count,GCST90001447,32929287,Orrù V,2020,IgD+ CD38+ B cell %B cell,True,True,"3,657 Sardinian (founder/genetic isolate) ancestry individuals | NA",https://www.ebi.ac.uk/gwas/studies/GCST90001447
biomarker,lymphocyte count,lymphocyte count,GCST90001478,32929287,Orrù V,2020,CD4 regulatory T cell %CD4+ T cell,True,True,"3,437 Sardinian (founder/genetic isolate) ancestry individuals | NA",https://www.ebi.ac.uk/gwas/studies/GCST90001478
biomarker,lymphocyte count,lymphocyte count,GCST90001479,32929287,Orrù V,2020,CD4 regulatory T cell %T cell,True,True,"3,437 Sardinian (founder/genetic isolate) ancestry individuals | NA",https://www.ebi.ac.uk/gwas/studies/GCST90001479
biomarker,lymphocyte count,lymphocyte count,GCST90001480,32929287,Orrù V,2020,Resting CD4 regulatory T cell Absolute Count,True,True,"3,405 Sardinian (founder/genetic isolate) ancestry individuals | NA",https://www.ebi.ac.uk/gwas/studies/GCST90001480
biomarker,lymphocyte count,lymphocyte count,GCST90001481,32929287,Orrù V,2020,Resting CD4 regulatory T cell %CD4 regulatory T cell,True,True,"3,437 Sardinian (founder/genetic isolate) ancestry individuals | NA",https://www.ebi.ac.uk/gwas/studies/GCST90001481
biomarker,lymphocyte count,lymphocyte count,GCST90001482,32929287,Orrù V,2020,Resting CD4 regulatory T cell %CD4+ T cell,True,True,"3,437 Sardinian (founder/genetic isolate) ancestry individuals | NA",https://www.ebi.ac.uk/gwas/studies/GCST90001482
biomarker,lymphocyte count,lymphocyte count,GCST90001483,32929287,Orrù V,2020,CD39+ resting CD4 regulatory T cell Absolute Count,True,True,"3,405 Sardinian (founder/genetic isolate) ancestry individuals | NA",https://www.ebi.ac.uk/gwas/studies/GCST90001483
biomarker,lymphocyte count,lymphocyte count,GCST90001484,32929287,Orrù V,2020,CD39+ resting CD4 regulatory T cell %resting CD4 regulatory T cell,True,True,"3,437 Sardinian (founder/genetic isolate) ancestry individuals | NA",https://www.ebi.ac.uk/gwas/studies/GCST90001484
biomarker,lymphocyte count,lymphocyte count,GCST90001485,32929287,Orrù V,2020,CD39+ resting CD4 regulatory T cell %CD4 regulatory T cell,True,True,"3,437 Sardinian (founder/genetic isolate) ancestry individuals | NA",https://www.ebi.ac.uk/gwas/studies/GCST90001485
biomarker,lymphocyte count,lymphocyte count,GCST90001486,32929287,Orrù V,2020,Activated CD4 regulatory T cell Absolute Count,True,True,"3,405 Sardinian (founder/genetic isolate) ancestry individuals | NA",https://www.ebi.ac.uk/gwas/studies/GCST90001486
biomarker,lymphocyte count,lymphocyte count,GCST90001487,32929287,Orrù V,2020,Activated CD4 regulatory T cell %CD4 regulatory T cell,True,True,"3,437 Sardinian (founder/genetic isolate) ancestry individuals | NA",https://www.ebi.ac.uk/gwas/studies/GCST90001487
biomarker,lymphocyte count,lymphocyte count,GCST90001488,32929287,Orrù V,2020,Activated CD4 regulatory T cell %CD4+ T cell,True,True,"3,437 Sardinian (founder/genetic isolate) ancestry individuals | NA",https://www.ebi.ac.uk/gwas/studies/GCST90001488
biomarker,lymphocyte count,lymphocyte count,GCST90001489,32929287,Orrù V,2020,CD39+ activated CD4 regulatory T cell Absolute Count,True,True,"3,405 Sardinian (founder/genetic isolate) ancestry individuals | NA",https://www.ebi.ac.uk/gwas/studies/GCST90001489
biomarker,lymphocyte count,lymphocyte count,GCST90001490,32929287,Orrù V,2020,CD39+ activated CD4 regulatory T cell %activated CD4 regulatory T cell,True,True,"3,437 Sardinian (founder/genetic isolate) ancestry individuals | NA",https://www.ebi.ac.uk/gwas/studies/GCST90001490
biomarker,lymphocyte count,lymphocyte count,GCST90001491,32929287,Orrù V,2020,CD39+ activated CD4 regulatory T cell %CD4 regulatory T cell,True,True,"3,437 Sardinian (founder/genetic isolate) ancestry individuals | NA",https://www.ebi.ac.uk/gwas/studies/GCST90001491
biomarker,lymphocyte count,lymphocyte count,GCST90001492,32929287,Orrù V,2020,Secreting CD4 regulatory T cell Absolute Count,True,True,"3,405 Sardinian (founder/genetic isolate) ancestry individuals | NA",https://www.ebi.ac.uk/gwas/studies/GCST90001492
biomarker,lymphocyte count,lymphocyte count,GCST90001493,32929287,Orrù V,2020,Secreting CD4 regulatory T cell %CD4 regulatory T cell,True,True,"3,437 Sardinian (founder/genetic isolate) ancestry individuals | NA",https://www.ebi.ac.uk/gwas/studies/GCST90001493
biomarker,lymphocyte count,lymphocyte count,GCST90001494,32929287,Orrù V,2020,Secreting CD4 regulatory T cell %CD4+ T cell,True,True,"3,437 Sardinian (founder/genetic isolate) ancestry individuals | NA",https://www.ebi.ac.uk/gwas/studies/GCST90001494
biomarker,lymphocyte count,lymphocyte count,GCST90001495,32929287,Orrù V,2020,CD39+ secreting CD4 regulatory T cell Absolute Count,True,True,"3,405 Sardinian (founder/genetic isolate) ancestry individuals | NA",https://www.ebi.ac.uk/gwas/studies/GCST90001495
biomarker,lymphocyte count,lymphocyte count,GCST90001496,32929287,Orrù V,2020,CD39+ secreting CD4 regulatory T cell %secreting CD4 regulatory T cell,True,True,"3,437 Sardinian (founder/genetic isolate) ancestry individuals | NA",https://www.ebi.ac.uk/gwas/studies/GCST90001496
biomarker,lymphocyte count,lymphocyte count,GCST90001497,32929287,Orrù V,2020,CD39+ secreting CD4 regulatory T cell %CD4 regulatory T cell,True,True,"3,437 Sardinian (founder/genetic isolate) ancestry individuals | NA",https://www.ebi.ac.uk/gwas/studies/GCST90001497
biomarker,lymphocyte count,lymphocyte count,GCST90001498,32929287,Orrù V,2020,Activated & resting CD4 regulatory T cell Absolute Count,True,True,"3,405 Sardinian (founder/genetic isolate) ancestry individuals | NA",https://www.ebi.ac.uk/gwas/studies/GCST90001498
biomarker,lymphocyte count,lymphocyte count,GCST90001499,32929287,Orrù V,2020,Activated & resting CD4 regulatory T cell %CD4 regulatory T cell,True,True,"3,437 Sardinian (founder/genetic isolate) ancestry individuals | NA",https://www.ebi.ac.uk/gwas/studies/GCST90001499
biomarker,lymphocyte count,lymphocyte count,GCST90001500,32929287,Orrù V,2020,Activated & resting CD4 regulatory T cell %CD4+ T cell,True,True,"3,437 Sardinian (founder/genetic isolate) ancestry individuals | NA",https://www.ebi.ac.uk/gwas/studies/GCST90001500
biomarker,lymphocyte count,lymphocyte count,GCST90001501,32929287,Orrù V,2020,Activated & secreting CD4 regulatory T cell Absolute Count,True,True,"3,405 Sardinian (founder/genetic isolate) ancestry individuals | NA",https://www.ebi.ac.uk/gwas/studies/GCST90001501
biomarker,lymphocyte count,lymphocyte count,GCST90001502,32929287,Orrù V,2020,Activated & secreting CD4 regulatory T cell %CD4 regulatory T cell,True,True,"3,437 Sardinian (founder/genetic isolate) ancestry individuals | NA",https://www.ebi.ac.uk/gwas/studies/GCST90001502
biomarker,lymphocyte count,lymphocyte count,GCST90001503,32929287,Orrù V,2020,Activated & secreting CD4 regulatory T cell %CD4+ T cell,True,True,"3,437 Sardinian (founder/genetic isolate) ancestry individuals | NA",https://www.ebi.ac.uk/gwas/studies/GCST90001503
biomarker,lymphocyte count,lymphocyte count,GCST90001504,32929287,Orrù V,2020,CD25++ CD4+ T cell Absolute Count,True,True,"3,405 Sardinian (founder/genetic isolate) ancestry individuals | NA",https://www.ebi.ac.uk/gwas/studies/GCST90001504
biomarker,lymphocyte count,lymphocyte count,GCST90001505,32929287,Orrù V,2020,CD25++ CD4+ T cell %CD4+ T cell,True,True,"3,437 Sardinian (founder/genetic isolate) ancestry individuals | NA",https://www.ebi.ac.uk/gwas/studies/GCST90001505
biomarker,lymphocyte count,lymphocyte count,GCST90001506,32929287,Orrù V,2020,CD25++ CD4+ T cell %T cell,True,True,"3,437 Sardinian (founder/genetic isolate) ancestry individuals | NA",https://www.ebi.ac.uk/gwas/studies/GCST90001506
biomarker,lymphocyte count,lymphocyte count,GCST90001507,32929287,Orrù V,2020,CD25++ CD45RA+ CD4 not regulatory T cell Absolute Count,True,True,"3,405 Sardinian (founder/genetic isolate) ancestry individuals | NA",https://www.ebi.ac.uk/gwas/studies/GCST90001507
biomarker,lymphocyte count,lymphocyte count,GCST90001508,32929287,Orrù V,2020,CD25++ CD45RA+ CD4 not regulatory T cell %CD4+ T cell,True,True,"3,437 Sardinian (founder/genetic isolate) ancestry individuals | NA",https://www.ebi.ac.uk/gwas/studies/GCST90001508
biomarker,lymphocyte count,lymphocyte count,GCST90001509,32929287,Orrù V,2020,CD25++ CD45RA+ CD4 not regulatory T cell %T cell,True,True,"3,437 Sardinian (founder/genetic isolate) ancestry individuals | NA",https://www.ebi.ac.uk/gwas/studies/GCST90001509
biomarker,lymphocyte count,lymphocyte count,GCST90001510,32929287,Orrù V,2020,CD25++ CD45RA- CD4 not regulatory T cell Absolute Count,True,True,"3,405 Sardinian (founder/genetic isolate) ancestry individuals | NA",https://www.ebi.ac.uk/gwas/studies/GCST90001510
biomarker,lymphocyte count,lymphocyte count,GCST90001511,32929287,Orrù V,2020,CD25++ CD45RA- CD4 not regulatory T cell %CD4+ T cell,True,True,"3,437 Sardinian (founder/genetic isolate) ancestry individuals | NA",https://www.ebi.ac.uk/gwas/studies/GCST90001511
biomarker,lymphocyte count,lymphocyte count,GCST90001512,32929287,Orrù V,2020,CD25++ CD45RA- CD4 not regulatory T cell %T cell,True,True,"3,437 Sardinian (founder/genetic isolate) ancestry individuals | NA",https://www.ebi.ac.uk/gwas/studies/GCST90001512
biomarker,lymphocyte count,lymphocyte count,GCST90001513,32929287,Orrù V,2020,CD4 regulatory T cell Absolute Count,True,True,"3,405 Sardinian (founder/genetic isolate) ancestry individuals | NA",https://www.ebi.ac.uk/gwas/studies/GCST90001513
biomarker,lymphocyte count,lymphocyte count,GCST90001534,32929287,Orrù V,2020,CD45RA- CD4+ T cell Absolute Count,True,True,"3,395 Sardinian (founder/genetic isolate) ancestry individuals | NA",https://www.ebi.ac.uk/gwas/studies/GCST90001534
biomarker,lymphocyte count,lymphocyte count,GCST90001535,32929287,Orrù V,2020,CD45RA- CD4+ T cell %CD4+ T cell,True,True,"3,427 Sardinian (founder/genetic isolate) ancestry individuals | NA",https://www.ebi.ac.uk/gwas/studies/GCST90001535
biomarker,lymphocyte count,lymphocyte count,GCST90001536,32929287,Orrù V,2020,CD45RA- CD4+ T cell %T cell,True,True,"3,427 Sardinian (founder/genetic isolate) ancestry individuals | NA",https://www.ebi.ac.uk/gwas/studies/GCST90001536
biomarker,lymphocyte count,lymphocyte count,GCST90001537,32929287,Orrù V,2020,Central Memory CD4+ T cell Absolute Count,True,True,"3,395 Sardinian (founder/genetic isolate) ancestry individuals | NA",https://www.ebi.ac.uk/gwas/studies/GCST90001537
biomarker,lymphocyte count,lymphocyte count,GCST90001538,32929287,Orrù V,2020,Central Memory CD4+ T cell %CD4+ T cell,True,True,"3,427 Sardinian (founder/genetic isolate) ancestry individuals | NA",https://www.ebi.ac.uk/gwas/studies/GCST90001538
biomarker,lymphocyte count,lymphocyte count,GCST90001539,32929287,Orrù V,2020,Central Memory CD4+ T cell %T cell,True,True,"3,427 Sardinian (founder/genetic isolate) ancestry individuals | NA",https://www.ebi.ac.uk/gwas/studies/GCST90001539
biomarker,lymphocyte count,lymphocyte count,GCST90001540,32929287,Orrù V,2020,Naive CD4+ T cell Absolute Count,True,True,"3,395 Sardinian (founder/genetic isolate) ancestry individuals | NA",https://www.ebi.ac.uk/gwas/studies/GCST90001540
biomarker,lymphocyte count,lymphocyte count,GCST90001541,32929287,Orrù V,2020,Naive CD4+ T cell %CD4+ T cell,True,True,"3,427 Sardinian (founder/genetic isolate) ancestry individuals | NA",https://www.ebi.ac.uk/gwas/studies/GCST90001541
biomarker,lymphocyte count,lymphocyte count,GCST90001542,32929287,Orrù V,2020,Effector Memory CD4+ T cell Absolute Count,True,True,"3,395 Sardinian (founder/genetic isolate) ancestry individuals | NA",https://www.ebi.ac.uk/gwas/studies/GCST90001542
biomarker,lymphocyte count,lymphocyte count,GCST90001543,32929287,Orrù V,2020,Effector Memory CD4+ T cell %CD4+ T cell,True,True,"3,427 Sardinian (founder/genetic isolate) ancestry individuals | NA",https://www.ebi.ac.uk/gwas/studies/GCST90001543
biomarker,lymphocyte count,lymphocyte count,GCST90001544,32929287,Orrù V,2020,Effector Memory CD4+ T cell %T cell,True,True,"3,427 Sardinian (founder/genetic isolate) ancestry individuals | NA",https://www.ebi.ac.uk/gwas/studies/GCST90001544
biomarker,lymphocyte count,lymphocyte count,GCST90001545,32929287,Orrù V,2020,Terminally Differentiated CD4+ T cell Absolute Count,True,True,"3,395 Sardinian (founder/genetic isolate) ancestry individuals | NA",https://www.ebi.ac.uk/gwas/studies/GCST90001545
biomarker,lymphocyte count,lymphocyte count,GCST90001546,32929287,Orrù V,2020,Terminally Differentiated CD4+ T cell %CD4+ T cell,True,True,"3,427 Sardinian (founder/genetic isolate) ancestry individuals | NA",https://www.ebi.ac.uk/gwas/studies/GCST90001546
biomarker,lymphocyte count,lymphocyte count,GCST90001547,32929287,Orrù V,2020,Terminally Differentiated CD4+ T cell %T cell,True,True,"3,427 Sardinian (founder/genetic isolate) ancestry individuals | NA",https://www.ebi.ac.uk/gwas/studies/GCST90001547
biomarker,lymphocyte count,lymphocyte count,GCST90001548,32929287,Orrù V,2020,Central Memory CD8+ T cell Absolute Count,True,True,"3,395 Sardinian (founder/genetic isolate) ancestry individuals | NA",https://www.ebi.ac.uk/gwas/studies/GCST90001548
biomarker,lymphocyte count,lymphocyte count,GCST90001549,32929287,Orrù V,2020,Central Memory CD8+ T cell %CD8+ T cell,True,True,"3,427 Sardinian (founder/genetic isolate) ancestry individuals | NA",https://www.ebi.ac.uk/gwas/studies/GCST90001549
biomarker,lymphocyte count,lymphocyte count,GCST90001550,32929287,Orrù V,2020,Central Memory CD8+ T cell %T cell,True,True,"3,427 Sardinian (founder/genetic isolate) ancestry individuals | NA",https://www.ebi.ac.uk/gwas/studies/GCST90001550
biomarker,lymphocyte count,lymphocyte count,GCST90001551,32929287,Orrù V,2020,Naive CD8+ T cell Absolute Count,True,True,"3,395 Sardinian (founder/genetic isolate) ancestry individuals | NA",https://www.ebi.ac.uk/gwas/studies/GCST90001551
biomarker,lymphocyte count,lymphocyte count,GCST90001552,32929287,Orrù V,2020,Naive CD8+ T cell %CD8+ T cell,True,True,"3,427 Sardinian (founder/genetic isolate) ancestry individuals | NA",https://www.ebi.ac.uk/gwas/studies/GCST90001552
biomarker,lymphocyte count,lymphocyte count,GCST90001553,32929287,Orrù V,2020,Naive CD8+ T cell %T cell,True,True,"3,427 Sardinian (founder/genetic isolate) ancestry individuals | NA",https://www.ebi.ac.uk/gwas/studies/GCST90001553
biomarker,lymphocyte count,lymphocyte count,GCST90001554,32929287,Orrù V,2020,Effector Memory CD8+ T cell Absolute Count,True,True,"3,395 Sardinian (founder/genetic isolate) ancestry individuals | NA",https://www.ebi.ac.uk/gwas/studies/GCST90001554
biomarker,lymphocyte count,lymphocyte count,GCST90001555,32929287,Orrù V,2020,Effector Memory CD8+ T cell %CD8+ T cell,True,True,"3,427 Sardinian (founder/genetic isolate) ancestry individuals | NA",https://www.ebi.ac.uk/gwas/studies/GCST90001555
biomarker,lymphocyte count,lymphocyte count,GCST90001556,32929287,Orrù V,2020,Effector Memory CD8+ T cell %T cell,True,True,"3,427 Sardinian (founder/genetic isolate) ancestry individuals | NA",https://www.ebi.ac.uk/gwas/studies/GCST90001556
biomarker,lymphocyte count,lymphocyte count,GCST90001557,32929287,Orrù V,2020,Terminally Differentiated CD8+ T cell Absolute Count,True,True,"3,395 Sardinian (founder/genetic isolate) ancestry individuals | NA",https://www.ebi.ac.uk/gwas/studies/GCST90001557
biomarker,lymphocyte count,lymphocyte count,GCST90001558,32929287,Orrù V,2020,Terminally Differentiated CD8+ T cell %CD8+ T cell,True,True,"3,427 Sardinian (founder/genetic isolate) ancestry individuals | NA",https://www.ebi.ac.uk/gwas/studies/GCST90001558
biomarker,lymphocyte count,lymphocyte count,GCST90001559,32929287,Orrù V,2020,Terminally Differentiated CD8+ T cell %T cell,True,True,"3,427 Sardinian (founder/genetic isolate) ancestry individuals | NA",https://www.ebi.ac.uk/gwas/studies/GCST90001559
biomarker,lymphocyte count,lymphocyte count,GCST90001560,32929287,Orrù V,2020,CD45RA+ CD8+ T cell Absolute Count,True,True,"3,395 Sardinian (founder/genetic isolate) ancestry individuals | NA",https://www.ebi.ac.uk/gwas/studies/GCST90001560
biomarker,lymphocyte count,lymphocyte count,GCST90001561,32929287,Orrù V,2020,CD45RA+ CD8+ T cell %CD8+ T cell,True,True,"3,427 Sardinian (founder/genetic isolate) ancestry individuals | NA",https://www.ebi.ac.uk/gwas/studies/GCST90001561
biomarker,lymphocyte count,lymphocyte count,GCST90001562,32929287,Orrù V,2020,CD45RA+ CD8+ T cell %T cell,True,True,"3,427 Sardinian (founder/genetic isolate) ancestry individuals | NA",https://www.ebi.ac.uk/gwas/studies/GCST90001562
biomarker,lymphocyte count,lymphocyte count,GCST90001563,32929287,Orrù V,2020,Central Memory CD4-CD8- T cell Absolute Count,True,True,"3,395 Sardinian (founder/genetic isolate) ancestry individuals | NA",https://www.ebi.ac.uk/gwas/studies/GCST90001563
biomarker,lymphocyte count,lymphocyte count,GCST90001564,32929287,Orrù V,2020,Central Memory CD4-CD8- T cell %CD4-CD8- T cell,True,True,"3,427 Sardinian (founder/genetic isolate) ancestry individuals | NA",https://www.ebi.ac.uk/gwas/studies/GCST90001564
biomarker,lymphocyte count,lymphocyte count,GCST90001565,32929287,Orrù V,2020,Central Memory CD4-CD8- T cell %T cell,True,True,"3,427 Sardinian (founder/genetic isolate) ancestry individuals | NA",https://www.ebi.ac.uk/gwas/studies/GCST90001565
biomarker,lymphocyte count,lymphocyte count,GCST90001566,32929287,Orrù V,2020,Naive CD4-CD8- T cell Absolute Count,True,True,"3,395 Sardinian (founder/genetic isolate) ancestry individuals | NA",https://www.ebi.ac.uk/gwas/studies/GCST90001566
biomarker,lymphocyte count,lymphocyte count,GCST90001567,32929287,Orrù V,2020,Naive CD4-CD8- T cell %CD4-CD8- T cell,True,True,"3,427 Sardinian (founder/genetic isolate) ancestry individuals | NA",https://www.ebi.ac.uk/gwas/studies/GCST90001567
biomarker,lymphocyte count,lymphocyte count,GCST90001568,32929287,Orrù V,2020,Naive CD4-CD8- T cell %T cell,True,True,"3,427 Sardinian (founder/genetic isolate) ancestry individuals | NA",https://www.ebi.ac.uk/gwas/studies/GCST90001568
biomarker,lymphocyte count,lymphocyte count,GCST90001569,32929287,Orrù V,2020,Effector Memory CD4-CD8- T cell Absolute Count,True,True,"3,395 Sardinian (founder/genetic isolate) ancestry individuals | NA",https://www.ebi.ac.uk/gwas/studies/GCST90001569
biomarker,lymphocyte count,lymphocyte count,GCST90001570,32929287,Orrù V,2020,Effector Memory CD4-CD8- T cell %CD4-CD8- T cell,True,True,"3,427 Sardinian (founder/genetic isolate) ancestry individuals | NA",https://www.ebi.ac.uk/gwas/studies/GCST90001570
biomarker,lymphocyte count,lymphocyte count,GCST90001571,32929287,Orrù V,2020,Effector Memory CD4-CD8- T cell %T cell,True,True,"3,427 Sardinian (founder/genetic isolate) ancestry individuals | NA",https://www.ebi.ac.uk/gwas/studies/GCST90001571
biomarker,lymphocyte count,lymphocyte count,GCST90001572,32929287,Orrù V,2020,Terminally Differentiated CD4-CD8- T cell Absolute Count,True,True,"3,395 Sardinian (founder/genetic isolate) ancestry individuals | NA",https://www.ebi.ac.uk/gwas/studies/GCST90001572
biomarker,lymphocyte count,lymphocyte count,GCST90001573,32929287,Orrù V,2020,Terminally Differentiated CD4-CD8- T cell %CD4-CD8- T cell,True,True,"3,427 Sardinian (founder/genetic isolate) ancestry individuals | NA",https://www.ebi.ac.uk/gwas/studies/GCST90001573
biomarker,lymphocyte count,lymphocyte count,GCST90001574,32929287,Orrù V,2020,Terminally Differentiated CD4-CD8- T cell %T cell,True,True,"3,427 Sardinian (founder/genetic isolate) ancestry individuals | NA",https://www.ebi.ac.uk/gwas/studies/GCST90001574
biomarker,lymphocyte count,lymphocyte count,GCST90001575,32929287,Orrù V,2020,Naive CD4+ T cell %T cell,True,True,"3,427 Sardinian (founder/genetic isolate) ancestry individuals | NA",https://www.ebi.ac.uk/gwas/studies/GCST90001575
biomarker,lymphocyte count,lymphocyte count,GCST90001576,32929287,Orrù V,2020,Transitional B cell %B cell,True,True,"3,657 Sardinian (founder/genetic isolate) ancestry individuals | NA",https://www.ebi.ac.uk/gwas/studies/GCST90001576
biomarker,lymphocyte count,lymphocyte count,GCST90001577,32929287,Orrù V,2020,Transitional B cell Absolute Count,True,True,"3,656 Sardinian (founder/genetic isolate) ancestry individuals | NA",https://www.ebi.ac.uk/gwas/studies/GCST90001577
biomarker,lymphocyte count,lymphocyte count,GCST90001578,32929287,Orrù V,2020,Transitional B cell %lymphocyte,True,True,"3,656 Sardinian (founder/genetic isolate) ancestry individuals | NA",https://www.ebi.ac.uk/gwas/studies/GCST90001578
biomarker,lymphocyte count,lymphocyte count,GCST90001653,32929287,Orrù V,2020,CD28- CD4-CD8- T cell %CD4-CD8- T cell,True,True,"3,440 Sardinian (founder/genetic isolate) ancestry individuals | NA",https://www.ebi.ac.uk/gwas/studies/GCST90001653
biomarker,lymphocyte count,lymphocyte count,GCST90001654,32929287,Orrù V,2020,CD28- CD4-CD8- T cell Absolute Count,True,True,"3,408 Sardinian (founder/genetic isolate) ancestry individuals | NA",https://www.ebi.ac.uk/gwas/studies/GCST90001654
biomarker,lymphocyte count,lymphocyte count,GCST90001655,32929287,Orrù V,2020,CD28+ CD4-CD8- T cell %T cell,True,True,"3,440 Sardinian (founder/genetic isolate) ancestry individuals | NA",https://www.ebi.ac.uk/gwas/studies/GCST90001655
biomarker,lymphocyte count,lymphocyte count,GCST90001656,32929287,Orrù V,2020,CD28+ CD4-CD8- T cell %CD4-CD8- T cell,True,True,"3,440 Sardinian (founder/genetic isolate) ancestry individuals | NA",https://www.ebi.ac.uk/gwas/studies/GCST90001656
biomarker,lymphocyte count,lymphocyte count,GCST90001657,32929287,Orrù V,2020,CD28+ CD4-CD8- T cell Absolute Count,True,True,"3,408 Sardinian (founder/genetic isolate) ancestry individuals | NA",https://www.ebi.ac.uk/gwas/studies/GCST90001657
biomarker,lymphocyte count,lymphocyte count,GCST90001658,32929287,Orrù V,2020,CD39+ CD4+ T cell %T cell,True,True,"3,440 Sardinian (founder/genetic isolate) ancestry individuals | NA",https://www.ebi.ac.uk/gwas/studies/GCST90001658
biomarker,lymphocyte count,lymphocyte count,GCST90001659,32929287,Orrù V,2020,CD39+ CD4+ T cell %CD4+ T cell,True,True,"3,440 Sardinian (founder/genetic isolate) ancestry individuals | NA",https://www.ebi.ac.uk/gwas/studies/GCST90001659
biomarker,lymphocyte count,lymphocyte count,GCST90001660,32929287,Orrù V,2020,CD39+ CD4+ T cell Absolute Count,True,True,"3,408 Sardinian (founder/genetic isolate) ancestry individuals | NA",https://www.ebi.ac.uk/gwas/studies/GCST90001660
biomarker,lymphocyte count,lymphocyte count,GCST90001661,32929287,Orrù V,2020,CD28- CD8dim T cell %T cell,True,True,"3,440 Sardinian (founder/genetic isolate) ancestry individuals | NA",https://www.ebi.ac.uk/gwas/studies/GCST90001661
biomarker,lymphocyte count,lymphocyte count,GCST90001662,32929287,Orrù V,2020,CD28- CD8dim T cell %CD8dim T cell,True,True,"3,440 Sardinian (founder/genetic isolate) ancestry individuals | NA",https://www.ebi.ac.uk/gwas/studies/GCST90001662
biomarker,lymphocyte count,lymphocyte count,GCST90001663,32929287,Orrù V,2020,CD28- CD8dim T cell Absolute Count,True,True,"3,408 Sardinian (founder/genetic isolate) ancestry individuals | NA",https://www.ebi.ac.uk/gwas/studies/GCST90001663
biomarker,lymphocyte count,lymphocyte count,GCST90001664,32929287,Orrù V,2020,CD28+ CD45RA+ CD8dim T cell %T cell,True,True,"3,440 Sardinian (founder/genetic isolate) ancestry individuals | NA",https://www.ebi.ac.uk/gwas/studies/GCST90001664
biomarker,lymphocyte count,lymphocyte count,GCST90001665,32929287,Orrù V,2020,CD28+ CD45RA+ CD8dim T cell %CD8dim T cell,True,True,"3,440 Sardinian (founder/genetic isolate) ancestry individuals | NA",https://www.ebi.ac.uk/gwas/studies/GCST90001665
biomarker,lymphocyte count,lymphocyte count,GCST90001666,32929287,Orrù V,2020,CD28+ CD45RA+ CD8dim T cell Absolute Count,True,True,"3,408 Sardinian (founder/genetic isolate) ancestry individuals | NA",https://www.ebi.ac.uk/gwas/studies/GCST90001666
biomarker,lymphocyte count,lymphocyte count,GCST90001667,32929287,Orrù V,2020,CD28+ CD45RA- CD8dim T cell %T cell,True,True,"3,440 Sardinian (founder/genetic isolate) ancestry individuals | NA",https://www.ebi.ac.uk/gwas/studies/GCST90001667
biomarker,lymphocyte count,lymphocyte count,GCST90001668,32929287,Orrù V,2020,CD28+ CD45RA- CD8dim T cell %CD8dim T cell,True,True,"3,440 Sardinian (founder/genetic isolate) ancestry individuals | NA",https://www.ebi.ac.uk/gwas/studies/GCST90001668
biomarker,lymphocyte count,lymphocyte count,GCST90001669,32929287,Orrù V,2020,CD28+ CD45RA- CD8dim T cell Absolute Count,True,True,"3,408 Sardinian (founder/genetic isolate) ancestry individuals | NA",https://www.ebi.ac.uk/gwas/studies/GCST90001669
biomarker,lymphocyte count,lymphocyte count,GCST90001670,32929287,Orrù V,2020,CD39+ CD8+ T cell %T cell,True,True,"3,440 Sardinian (founder/genetic isolate) ancestry individuals | NA",https://www.ebi.ac.uk/gwas/studies/GCST90001670
biomarker,lymphocyte count,lymphocyte count,GCST90001671,32929287,Orrù V,2020,CD39+ CD8+ T cell %CD8+ T cell,True,True,"3,440 Sardinian (founder/genetic isolate) ancestry individuals | NA",https://www.ebi.ac.uk/gwas/studies/GCST90001671
biomarker,lymphocyte count,lymphocyte count,GCST90001672,32929287,Orrù V,2020,CD39+ CD8+ T cell Absolute Count,True,True,"3,408 Sardinian (founder/genetic isolate) ancestry individuals | NA",https://www.ebi.ac.uk/gwas/studies/GCST90001672
biomarker,lymphocyte count,lymphocyte count,GCST90001673,32929287,Orrù V,2020,CD28- CD127- CD25++ CD8+ T cell %T cell,True,True,"3,162 Sardinian (founder/genetic isolate) ancestry individuals | NA",https://www.ebi.ac.uk/gwas/studies/GCST90001673
biomarker,lymphocyte count,lymphocyte count,GCST90001674,32929287,Orrù V,2020,CD28- CD127- CD25++ CD8+ T cell %CD8+ T cell,True,True,"3,162 Sardinian (founder/genetic isolate) ancestry individuals | NA",https://www.ebi.ac.uk/gwas/studies/GCST90001674
biomarker,lymphocyte count,lymphocyte count,GCST90001675,32929287,Orrù V,2020,CD28- CD127- CD25++ CD8+ T cell Absolute Count,True,True,"3,130 Sardinian (founder/genetic isolate) ancestry individuals | NA",https://www.ebi.ac.uk/gwas/studies/GCST90001675
biomarker,lymphocyte count,lymphocyte count,GCST90001676,32929287,Orrù V,2020,CD28- CD25++ CD8+ T cell %T cell,True,True,"3,162 Sardinian (founder/genetic isolate) ancestry individuals | NA",https://www.ebi.ac.uk/gwas/studies/GCST90001676
biomarker,lymphocyte count,lymphocyte count,GCST90001677,32929287,Orrù V,2020,CD28- CD25++ CD8+ T cell %CD8+ T cell,True,True,"3,162 Sardinian (founder/genetic isolate) ancestry individuals | NA",https://www.ebi.ac.uk/gwas/studies/GCST90001677
biomarker,lymphocyte count,lymphocyte count,GCST90001678,32929287,Orrù V,2020,CD28- CD25++ CD8+ T cell Absolute Count,True,True,"3,130 Sardinian (founder/genetic isolate) ancestry individuals | NA",https://www.ebi.ac.uk/gwas/studies/GCST90001678
biomarker,lymphocyte count,lymphocyte count,GCST90001679,32929287,Orrù V,2020,CD25++ CD8+ T cell %T cell,True,True,"3,162 Sardinian (founder/genetic isolate) ancestry individuals | NA",https://www.ebi.ac.uk/gwas/studies/GCST90001679
biomarker,lymphocyte count,lymphocyte count,GCST90001680,32929287,Orrù V,2020,CD25++ CD8+ T cell %CD8+ T cell,True,True,"3,162 Sardinian (founder/genetic isolate) ancestry individuals | NA",https://www.ebi.ac.uk/gwas/studies/GCST90001680
biomarker,lymphocyte count,lymphocyte count,GCST90001681,32929287,Orrù V,2020,CD25++ CD8+ T cell Absolute Count,True,True,"3,130 Sardinian (founder/genetic isolate) ancestry individuals | NA",https://www.ebi.ac.uk/gwas/studies/GCST90001681
biomarker,lymphocyte count,lymphocyte count,GCST90001682,32929287,Orrù V,2020,CD127- CD8+ T cell %T cell,True,True,"3,403 Sardinian (founder/genetic isolate) ancestry individuals | NA",https://www.ebi.ac.uk/gwas/studies/GCST90001682
biomarker,lymphocyte count,lymphocyte count,GCST90001683,32929287,Orrù V,2020,CD127- CD8+ T cell %CD8+ T cell,True,True,"3,403 Sardinian (founder/genetic isolate) ancestry individuals | NA",https://www.ebi.ac.uk/gwas/studies/GCST90001683
biomarker,lymphocyte count,lymphocyte count,GCST90001684,32929287,Orrù V,2020,CD127- CD8+ T cell Absolute Count,True,True,"3,371 Sardinian (founder/genetic isolate) ancestry individuals | NA",https://www.ebi.ac.uk/gwas/studies/GCST90001684
biomarker,lymphocyte count,lymphocyte count,GCST90001685,32929287,Orrù V,2020,CD28- CD8+ T cell %T cell,True,True,"3,440 Sardinian (founder/genetic isolate) ancestry individuals | NA",https://www.ebi.ac.uk/gwas/studies/GCST90001685
biomarker,lymphocyte count,lymphocyte count,GCST90001686,32929287,Orrù V,2020,CD28- CD8+ T cell %CD8+ T cell,True,True,"3,440 Sardinian (founder/genetic isolate) ancestry individuals | NA",https://www.ebi.ac.uk/gwas/studies/GCST90001686
biomarker,lymphocyte count,lymphocyte count,GCST90001687,32929287,Orrù V,2020,CD28- CD8+ T cell Absolute Count,True,True,"3,408 Sardinian (founder/genetic isolate) ancestry individuals | NA",https://www.ebi.ac.uk/gwas/studies/GCST90001687
biomarker,lymphocyte count,lymphocyte count,GCST90001688,32929287,Orrù V,2020,CD28+ CD45RA+ CD8+ T cell %T cell,True,True,"3,440 Sardinian (founder/genetic isolate) ancestry individuals | NA",https://www.ebi.ac.uk/gwas/studies/GCST90001688
biomarker,lymphocyte count,lymphocyte count,GCST90001689,32929287,Orrù V,2020,CD28+ CD45RA+ CD8+ T cell %CD8+ T cell,True,True,"3,440 Sardinian (founder/genetic isolate) ancestry individuals | NA",https://www.ebi.ac.uk/gwas/studies/GCST90001689
biomarker,lymphocyte count,lymphocyte count,GCST90001690,32929287,Orrù V,2020,CD28+ CD45RA+ CD8+ T cell Absolute Count,True,True,"3,408 Sardinian (founder/genetic isolate) ancestry individuals | NA",https://www.ebi.ac.uk/gwas/studies/GCST90001690
biomarker,lymphocyte count,lymphocyte count,GCST90001691,32929287,Orrù V,2020,CD28+ CD45RA- CD8+ T cell %T cell,True,True,"3,440 Sardinian (founder/genetic isolate) ancestry individuals | NA",https://www.ebi.ac.uk/gwas/studies/GCST90001691
biomarker,lymphocyte count,lymphocyte count,GCST90001692,32929287,Orrù V,2020,CD28+ CD45RA- CD8+ T cell %CD8+ T cell,True,True,"3,440 Sardinian (founder/genetic isolate) ancestry individuals | NA",https://www.ebi.ac.uk/gwas/studies/GCST90001692
biomarker,lymphocyte count,lymphocyte count,GCST90001693,32929287,Orrù V,2020,CD28+ CD45RA- CD8+ T cell Absolute Count,True,True,"3,408 Sardinian (founder/genetic isolate) ancestry individuals | NA",https://www.ebi.ac.uk/gwas/studies/GCST90001693
biomarker,lymphocyte count,lymphocyte count,GCST90001694,32929287,Orrù V,2020,CD28- CD4-CD8- T cell %T cell,True,True,"3,440 Sardinian (founder/genetic isolate) ancestry individuals | NA",https://www.ebi.ac.uk/gwas/studies/GCST90001694
biomarker,lymphocyte count,lymphocyte count,GCST90001695,32929287,Orrù V,2020,CD45RA- CD28- CD8+ T cell Absolute Count,True,True,"3,408 Sardinian (founder/genetic isolate) ancestry individuals | NA",https://www.ebi.ac.uk/gwas/studies/GCST90001695
biomarker,lymphocyte count,lymphocyte count,GCST90001696,32929287,Orrù V,2020,CD45RA- CD28- CD8+ T cell %CD8+ T cell,True,True,"3,425 Sardinian (founder/genetic isolate) ancestry individuals | NA",https://www.ebi.ac.uk/gwas/studies/GCST90001696
biomarker,lymphocyte count,lymphocyte count,GCST90001697,32929287,Orrù V,2020,CD45RA- CD28- CD8+ T cell %T cell,True,True,"3,425 Sardinian (founder/genetic isolate) ancestry individuals | NA",https://www.ebi.ac.uk/gwas/studies/GCST90001697
biomarker,lymphocyte count,lymphocyte count,GCST90001698,32929287,Orrù V,2020,CD45RA+ CD28- CD8+ T cell Absolute Count,True,True,"3,408 Sardinian (founder/genetic isolate) ancestry individuals | NA",https://www.ebi.ac.uk/gwas/studies/GCST90001698
biomarker,lymphocyte count,lymphocyte count,GCST90001699,32929287,Orrù V,2020,CD45RA+ CD28- CD8+ T cell %CD8+ T cell,True,True,"3,425 Sardinian (founder/genetic isolate) ancestry individuals | NA",https://www.ebi.ac.uk/gwas/studies/GCST90001699
biomarker,lymphocyte count,lymphocyte count,GCST90001700,32929287,Orrù V,2020,CD45RA+ CD28- CD8+ T cell %T cell,True,True,"3,425 Sardinian (founder/genetic isolate) ancestry individuals | NA",https://www.ebi.ac.uk/gwas/studies/GCST90001700
biomarker,lymphocyte count,lymphocyte count,GCST010236,28031487,Guo MH,2016,Lymphocyte count,False,True,"5,614 European ancestry individuals | NA",https://www.ebi.ac.uk/gwas/studies/GCST010236
biomarker,lymphocyte count,lymphocyte count,GCST90002316,32888493,Chen MH,2020,Lymphocyte count,True,True,"524,923 European ancestry individuals | NA",https://www.ebi.ac.uk/gwas/studies/GCST90002316
biomarker,lymphocyte count,lymphocyte count,GCST004627,27863252,Astle WJ,2016,Lymphocyte count,True,True,"171,643 European ancestry individuals | NA",https://www.ebi.ac.uk/gwas/studies/GCST004627
biomarker,lymphocyte count,lymphocyte count,GCST005055,29066854,Lin BD,2017,Lymphocyte count,False,True,"5,901 Dutch ancestry individuals | 2,538 individuals",https://www.ebi.ac.uk/gwas/studies/GCST005055
biomarker,lymphocyte count,lymphocyte count,GCST008431,19853236,Ferreira MA,2009,Lymphocyte count,True,True,"2,538 European ancestry individuals, 3,477 individuals | 1,543 individuals",https://www.ebi.ac.uk/gwas/studies/GCST008431
biomarker,lymphocyte count,lymphocyte count,GCST90013982,34017140,Mbatchou J,2021,Lymphocyte count (UKB data field 30120),True,True,"395,949 British ancestry individuals | NA",https://www.ebi.ac.uk/gwas/studies/GCST90013982
biomarker,lymphocyte count,lymphocyte count,GCST90027362,35240056,Auwerx C,2022,Lymphocyte count (UKB data field 30120) (CNV duplication-only model),True,True,"321,953 white British ancestry individuals | NA",https://www.ebi.ac.uk/gwas/studies/GCST90027362
biomarker,lymphocyte count,lymphocyte count,GCST90027419,35240056,Auwerx C,2022,Lymphocyte count (UKB data field 30120) (CNV deletion-only model),True,True,"321,953 white British ancestry individuals | NA",https://www.ebi.ac.uk/gwas/studies/GCST90027419
biomarker,lymphocyte count,lymphocyte count,GCST90027305,35240056,Auwerx C,2022,Lymphocyte count (UKB data field 30120) (CNV mirror model),True,True,"321,953 white British ancestry individuals | NA",https://www.ebi.ac.uk/gwas/studies/GCST90027305
biomarker,lymphocyte count,lymphocyte count,GCST90297381,38116119,Margoliash J,2023,Lymphocyte count (short tandem repeats),True,True,"11,337 Irish ancestry individuals | NA",https://www.ebi.ac.uk/gwas/studies/GCST90297381
biomarker,lymphocyte count,lymphocyte count,GCST90297469,38116119,Margoliash J,2023,Lymphocyte count (short tandem repeats),True,True,"335,081 British ancestry individuals | NA",https://www.ebi.ac.uk/gwas/studies/GCST90297469
biomarker,lymphocyte count,lymphocyte count,GCST90028994,29892013,Loh PR,2018,White blood cell count (lymphocyte),True,True,"509,277 European ancestry individuals | NA",https://www.ebi.ac.uk/gwas/studies/GCST90028994
biomarker,lymphocyte count,lymphocyte count,GCST90085815,34469753,Kachuri L,2021,Lymphocyte count,False,True,"234,778 European ancestry individuals | 100,554 European ancestry individuals",https://www.ebi.ac.uk/gwas/studies/GCST90085815
biomarker,lymphocyte count,lymphocyte count,GCST90025984,34226706,Barton AR,2021,Lymphocyte count,True,True,"443,762 European ancestry individuals | NA",https://www.ebi.ac.uk/gwas/studies/GCST90025984
biomarker,lymphocyte count,lymphocyte count,GCST90026522,34107879,Hu Y,2021,White blood cell count (lymphocyte),False,True,"27,236 European ancestry individuals | NA",https://www.ebi.ac.uk/gwas/studies/GCST90026522
biomarker,lymphocyte count,lymphocyte count,GCST90297513,38116119,Margoliash J,2023,Lymphocyte count (short tandem repeats),True,True,"15,039 European ancestry individuals | NA",https://www.ebi.ac.uk/gwas/studies/GCST90297513
biomarker,lymphocyte count,lymphocyte count,GCST90281252,37596262,Akbari P,2023,Reactive lymphocyte count,True,True,"30,589 European ancestry individuals | NA",https://www.ebi.ac.uk/gwas/studies/GCST90281252
biomarker,lymphocyte count,lymphocyte count,GCST90727334,41896352,Kim HI,2026,Lymphocyte count,True,True,"32,714 British Bangladeshi or British Pakistani individuals | 11,863 British Bangladeshi or British Pakistani individuals",https://www.ebi.ac.uk/gwas/studies/GCST90727334
biomarker,lymphocyte count,lymphocyte count,GCST90012689,33441150,Dennis JK,2021,Lymphocytes Count [#/volume] in Blood,True,True,"26,179 European ancestry individuals | NA",https://www.ebi.ac.uk/gwas/studies/GCST90012689
biomarker,lymphocyte count,lymphocyte count,GCST90012690,33441150,Dennis JK,2021,Lymphocytes Count [#/volume] in Blood by Automated count,True,True,"25,135 European ancestry individuals | NA",https://www.ebi.ac.uk/gwas/studies/GCST90012690
biomarker,lymphocyte count,lymphocyte count,GCST90565681,40335489,Xiang R,2025,Lymphocyte count variance,True,True,"407,276 European ancestry individuals | NA",https://www.ebi.ac.uk/gwas/studies/GCST90565681
biomarker,lymphocyte count,lymphocyte count,GCST90475423,39024449,Verma A,2024,"lymphocyte (absolute count, maximum, inv-norm transformed)",True,True,"253,142 European ancestry individuals | NA",https://www.ebi.ac.uk/gwas/studies/GCST90475423
biomarker,lymphocyte count,lymphocyte count,GCST90475426,39024449,Verma A,2024,"lymphocyte (absolute count, mean, inv-norm transformed)",True,True,"253,317 European ancestry individuals | NA",https://www.ebi.ac.uk/gwas/studies/GCST90475426
biomarker,lymphocyte count,lymphocyte count,GCST90475429,39024449,Verma A,2024,"lymphocyte (absolute count, minimum, inv-norm transformed)",True,True,"253,480 European ancestry individuals | NA",https://www.ebi.ac.uk/gwas/studies/GCST90475429
biomarker,lymphocyte count,lymphocyte count,GCST90475432,39024449,Verma A,2024,"lymphocyte (fraction, maximum, inv-norm transformed)",True,True,"290,958 European ancestry individuals | NA",https://www.ebi.ac.uk/gwas/studies/GCST90475432
biomarker,lymphocyte count,lymphocyte count,GCST90475435,39024449,Verma A,2024,"lymphocyte (fraction, mean, inv-norm transformed)",True,True,"290,958 European ancestry individuals | NA",https://www.ebi.ac.uk/gwas/studies/GCST90475435
biomarker,lymphocyte count,lymphocyte count,GCST90475438,39024449,Verma A,2024,"lymphocyte (fraction, minimum, inv-norm transformed)",True,True,"290,958 European ancestry individuals | NA",https://www.ebi.ac.uk/gwas/studies/GCST90475438
biomarker,lymphocyte count,lymphocyte count,GCST90310171,39901012,Hu S,2025,Lymphocyte count (UKB data field 30120),True,True,"333,152 British ancestry individuals | NA",https://www.ebi.ac.uk/gwas/studies/GCST90310171
biomarker,lymphocyte count,lymphocyte count,GCST90309873,38351177,Jung H,2024,Lymphocyte count (UKB data field 30120),True,True,"174,488 European ancestry individuals | NA",https://www.ebi.ac.uk/gwas/studies/GCST90309873
biomarker,lymphocyte count,lymphocyte count,GCST90078991,34662886,Backman JD,2021,Lymphocyte count (UKB data field 30120),True,True,"418,449 European ancestry individuals | 101,441 European ancestry individuals",https://www.ebi.ac.uk/gwas/studies/GCST90078991
biomarker,lymphocyte count,lymphocyte count,GCST90468082,39789286,Loya H,2025,Lymphocyte count (UKB data field 30120),True,True,"394,642 European ancestry individuals | NA",https://www.ebi.ac.uk/gwas/studies/GCST90468082
biomarker,lymphocyte count,lymphocyte count,GCST90691821,40968291,Karczewski KJ,2025,Lymphocyte count (UKB data field 30120),True,True,"407,265 European ancestry individuals | NA",https://www.ebi.ac.uk/gwas/studies/GCST90691821
biomarker,lymphocyte count,lymphocyte count,GCST90474519,40770095,UK Biobank Whole-Genome Sequencing Consortium,2025,Lymphocyte count (UKB data field 30120),True,True,"2,686 Ashkenazi Jewish individuals | NA",https://www.ebi.ac.uk/gwas/studies/GCST90474519
biomarker,lymphocyte count,lymphocyte count,GCST90474521,40770095,UK Biobank Whole-Genome Sequencing Consortium,2025,Lymphocyte count (UKB data field 30120),True,True,"441,305 Non-Finnish European ancestry individuals | NA",https://www.ebi.ac.uk/gwas/studies/GCST90474521
biomarker,lymphocyte count,lymphocyte count,GCST90082977,34662886,Backman JD,2021,Lymphocyte count (UKB data field 30120) (Gene-based burden),True,True,"418,449 European ancestry individuals | NA",https://www.ebi.ac.uk/gwas/studies/GCST90082977
biomarker,lymphocyte count,lymphocyte count,GCST90682373,41606330,Namba S,2026,Lymphocyte x sex interaction,True,True,"263,734 British ancestry individuals | 36,674 British ancestry individuals",https://www.ebi.ac.uk/gwas/studies/GCST90682373
biomarker,lymphocyte count,lymphocyte count,GCST90682420,41606330,Namba S,2026,Lymphocyte x age interaction,True,True,"263,734 British ancestry individuals | 36,674 British ancestry individuals",https://www.ebi.ac.uk/gwas/studies/GCST90682420
biomarker,lymphocyte count,lymphocyte count,GCST90682467,41606330,Namba S,2026,Lymphocyte x ever-drinking interaction,True,True,"263,646 British ancestry individuals | 36,638 British ancestry individuals",https://www.ebi.ac.uk/gwas/studies/GCST90682467
biomarker,lymphocyte count,lymphocyte count,GCST90682514,41606330,Namba S,2026,Lymphocyte x ever-smoking interaction,True,True,"263,156 British ancestry individuals | 36,543 British ancestry individuals",https://www.ebi.ac.uk/gwas/studies/GCST90682514
biomarker,lymphocyte count,lymphocyte count,GCST90682561,41606330,Namba S,2026,Lymphocyte x current-smoking interaction,True,True,"263,156 British ancestry individuals | 36,543 British ancestry individuals",https://www.ebi.ac.uk/gwas/studies/GCST90682561
biomarker,lymphocyte count,lymphocyte count,GCST90682608,41606330,Namba S,2026,Lymphocyte x meat and cheese interaction,True,True,"263,704 British ancestry individuals | 28,986 British ancestry individuals",https://www.ebi.ac.uk/gwas/studies/GCST90682608
biomarker,lymphocyte count,lymphocyte count,GCST90682655,41606330,Namba S,2026,Lymphocyte x vegetable and fish interaction,True,True,"263,704 British ancestry individuals | 28,986 British ancestry individuals",https://www.ebi.ac.uk/gwas/studies/GCST90682655
biomarker,lymphocyte count,lymphocyte count,GCST90682702,41606330,Namba S,2026,Lymphocyte x tea and coffee interaction,True,True,"263,704 British ancestry individuals | 28,986 British ancestry individuals",https://www.ebi.ac.uk/gwas/studies/GCST90682702
biomarker,lymphocyte count,lymphocyte count,GCST90682749,41606330,Namba S,2026,Lymphocyte x physical activity interaction,True,True,"263,704 British ancestry individuals | 28,986 British ancestry individuals",https://www.ebi.ac.uk/gwas/studies/GCST90682749
biomarker,lymphocyte count,lymphocyte count,GCST90682796,41606330,Namba S,2026,"Lymphocyte x commonly-tested environments (Sex, Age, Ever-drinking, Ever-smoking, and Current-smoking) interaction",True,True,"263,072 British ancestry individuals | 36,513 British ancestry individuals",https://www.ebi.ac.uk/gwas/studies/GCST90682796
biomarker,lymphocyte count,lymphocyte count,GCST90682843,41606330,Namba S,2026,"Lymphocyte x all environments (Sex, Age, Ever-drinking, Ever-smoking, Current-smoking, Meat and cheese, Vegetable and fish, Tea and coffee, and Physical activity) interaction",True,True,"263,042 British ancestry individuals | 28,907 British ancestry individuals",https://www.ebi.ac.uk/gwas/studies/GCST90682843
biomarker,monocyte count,monocyte count,GCST010232,28031487,Guo MH,2016,Monocyte count,False,True,"5,533 European ancestry individuals | NA",https://www.ebi.ac.uk/gwas/studies/GCST010232
biomarker,monocyte count,monocyte count,GCST90002393,32888494,Vuckovic D,2020,Monocyte count,True,True,"408,112 British individuals | NA",https://www.ebi.ac.uk/gwas/studies/GCST90002393
biomarker,monocyte count,monocyte count,GCST90001579,32929287,Orrù V,2020,CD14- CD16+ monocyte Absolute Count,True,True,"3,629 Sardinian (founder/genetic isolate) ancestry individuals | NA",https://www.ebi.ac.uk/gwas/studies/GCST90001579
biomarker,monocyte count,monocyte count,GCST90001580,32929287,Orrù V,2020,CD14+ CD16+ monocyte Absolute Count,True,True,"3,629 Sardinian (founder/genetic isolate) ancestry individuals | NA",https://www.ebi.ac.uk/gwas/studies/GCST90001580
biomarker,monocyte count,monocyte count,GCST90001581,32929287,Orrù V,2020,CD14- CD16- Absolute Count,True,True,"3,629 Sardinian (founder/genetic isolate) ancestry individuals | NA",https://www.ebi.ac.uk/gwas/studies/GCST90001581
biomarker,monocyte count,monocyte count,GCST90001582,32929287,Orrù V,2020,CD14+ CD16- monocyte Absolute Count,True,True,"3,629 Sardinian (founder/genetic isolate) ancestry individuals | NA",https://www.ebi.ac.uk/gwas/studies/GCST90001582
biomarker,monocyte count,monocyte count,GCST90001583,32929287,Orrù V,2020,Monocyte Absolute Count,True,True,"3,629 Sardinian (founder/genetic isolate) ancestry individuals | NA",https://www.ebi.ac.uk/gwas/studies/GCST90001583
biomarker,monocyte count,monocyte count,GCST90001584,32929287,Orrù V,2020,CD14- CD16+ monocyte %monocyte,True,True,"3,629 Sardinian (founder/genetic isolate) ancestry individuals | NA",https://www.ebi.ac.uk/gwas/studies/GCST90001584
biomarker,monocyte count,monocyte count,GCST90001585,32929287,Orrù V,2020,CD14+ CD16+ monocyte %monocyte,True,True,"3,629 Sardinian (founder/genetic isolate) ancestry individuals | NA",https://www.ebi.ac.uk/gwas/studies/GCST90001585
biomarker,monocyte count,monocyte count,GCST90002340,32888493,Chen MH,2020,Monocyte count,True,True,"521,594 European ancestry individuals | NA",https://www.ebi.ac.uk/gwas/studies/GCST90002340
biomarker,monocyte count,monocyte count,GCST90001586,32929287,Orrù V,2020,CD14+ CD16- monocyte %monocyte,True,True,"3,629 Sardinian (founder/genetic isolate) ancestry individuals | NA",https://www.ebi.ac.uk/gwas/studies/GCST90001586
biomarker,monocyte count,monocyte count,GCST90001587,32929287,Orrù V,2020,CD16+ monocyte %monocyte,True,True,"3,629 Sardinian (founder/genetic isolate) ancestry individuals | NA",https://www.ebi.ac.uk/gwas/studies/GCST90001587
biomarker,monocyte count,monocyte count,GCST004625,27863252,Astle WJ,2016,Monocyte count,True,True,"170,721 European ancestry individuals | NA",https://www.ebi.ac.uk/gwas/studies/GCST004625
biomarker,monocyte count,monocyte count,GCST004164,28193307,Lin BD,2017,Monocyte count,False,True,"5,892 Dutch ancestry individuals | NA",https://www.ebi.ac.uk/gwas/studies/GCST004164
biomarker,monocyte count,monocyte count,GCST008421,19853236,Ferreira MA,2009,Monocyte count,True,True,"2,538 European ancestry individuals, 3,477 individuals | 1,543 individuals",https://www.ebi.ac.uk/gwas/studies/GCST008421
biomarker,monocyte count,monocyte count,GCST90013983,34017140,Mbatchou J,2021,Monocyte count (UKB data field 30130),True,True,"395,949 British ancestry individuals | NA",https://www.ebi.ac.uk/gwas/studies/GCST90013983
biomarker,monocyte count,monocyte count,GCST90027364,35240056,Auwerx C,2022,Monocyte count (UKB data field 30130) (CNV duplication-only model),True,True,"321,953 white British ancestry individuals | NA",https://www.ebi.ac.uk/gwas/studies/GCST90027364
biomarker,monocyte count,monocyte count,GCST90027421,35240056,Auwerx C,2022,Monocyte count (UKB data field 30130) (CNV deletion-only model),True,True,"321,953 white British ancestry individuals | NA",https://www.ebi.ac.uk/gwas/studies/GCST90027421
biomarker,monocyte count,monocyte count,GCST90027307,35240056,Auwerx C,2022,Monocyte count (UKB data field 30130) (CNV mirror model),True,True,"321,953 white British ancestry individuals | NA",https://www.ebi.ac.uk/gwas/studies/GCST90027307
biomarker,monocyte count,monocyte count,GCST90028998,29892013,Loh PR,2018,White blood cell count (monocyte),True,True,"545,193 European ancestry individuals | NA",https://www.ebi.ac.uk/gwas/studies/GCST90028998
biomarker,monocyte count,monocyte count,GCST90056177,34469753,Kachuri L,2021,Monocyte count,False,True,"234,690 European ancestry individuals | 100,494 European ancestry individuals",https://www.ebi.ac.uk/gwas/studies/GCST90056177
biomarker,monocyte count,monocyte count,GCST90025950,34226706,Barton AR,2021,Monocyte count,True,True,"443,529 European ancestry individuals | NA",https://www.ebi.ac.uk/gwas/studies/GCST90025950
biomarker,monocyte count,monocyte count,GCST90026523,34107879,Hu Y,2021,White blood cell count (monocyte),False,True,"27,236 European ancestry individuals | NA",https://www.ebi.ac.uk/gwas/studies/GCST90026523
biomarker,monocyte count,monocyte count,GCST90082978,34662886,Backman JD,2021,Monocyte count (UKB data field 30130) (Gene-based burden),True,True,"418,449 European ancestry individuals | NA",https://www.ebi.ac.uk/gwas/studies/GCST90082978
biomarker,monocyte count,monocyte count,GCST90012697,33441150,Dennis JK,2021,Absolute monocyte count,True,True,"25,130 European ancestry individuals | NA",https://www.ebi.ac.uk/gwas/studies/GCST90012697
biomarker,monocyte count,monocyte count,GCST90012698,33441150,Dennis JK,2021,Monocytes [#/volume] in Blood by Manual count,True,True,"26,166 European ancestry individuals | NA",https://www.ebi.ac.uk/gwas/studies/GCST90012698
biomarker,monocyte count,monocyte count,GCST90565698,40335489,Xiang R,2025,Monocyte count variance,True,True,"403,993 European ancestry individuals | NA",https://www.ebi.ac.uk/gwas/studies/GCST90565698
biomarker,monocyte count,monocyte count,GCST90475499,39024449,Verma A,2024,"monocyte (absolute count, maximum, inv-norm transformed)",True,True,"259,269 European ancestry individuals | NA",https://www.ebi.ac.uk/gwas/studies/GCST90475499
biomarker,monocyte count,monocyte count,GCST90475502,39024449,Verma A,2024,"monocyte (absolute count, mean, inv-norm transformed)",True,True,"259,608 European ancestry individuals | NA",https://www.ebi.ac.uk/gwas/studies/GCST90475502
biomarker,monocyte count,monocyte count,GCST90475505,39024449,Verma A,2024,"monocyte (absolute count, minimum, inv-norm transformed)",True,True,"259,625 European ancestry individuals | NA",https://www.ebi.ac.uk/gwas/studies/GCST90475505
biomarker,monocyte count,monocyte count,GCST90475508,39024449,Verma A,2024,"monocyte (fraction, maximum, inv-norm transformed)",True,True,"296,975 European ancestry individuals | NA",https://www.ebi.ac.uk/gwas/studies/GCST90475508
biomarker,monocyte count,monocyte count,GCST90475511,39024449,Verma A,2024,"monocyte (fraction, mean, inv-norm transformed)",True,True,"296,975 European ancestry individuals | NA",https://www.ebi.ac.uk/gwas/studies/GCST90475511
biomarker,monocyte count,monocyte count,GCST90475514,39024449,Verma A,2024,"monocyte (fraction, minimum, inv-norm transformed)",True,True,"296,975 European ancestry individuals | NA",https://www.ebi.ac.uk/gwas/studies/GCST90475514
biomarker,monocyte count,monocyte count,GCST90309874,38351177,Jung H,2024,Monocyte count (UKB data field 30130),True,True,"174,488 European ancestry individuals | NA",https://www.ebi.ac.uk/gwas/studies/GCST90309874
biomarker,monocyte count,monocyte count,GCST90078992,34662886,Backman JD,2021,Monocyte count (UKB data field 30130),True,True,"418,449 European ancestry individuals | 101,419 European ancestry individuals",https://www.ebi.ac.uk/gwas/studies/GCST90078992
biomarker,monocyte count,monocyte count,GCST90468090,39789286,Loya H,2025,Monocyte count (UKB data field 30130),True,True,"394,642 European ancestry individuals | NA",https://www.ebi.ac.uk/gwas/studies/GCST90468090
biomarker,monocyte count,monocyte count,GCST90691822,40968291,Karczewski KJ,2025,Monocyte count (UKB data field 30130),True,True,"407,265 European ancestry individuals | NA",https://www.ebi.ac.uk/gwas/studies/GCST90691822
biomarker,monocyte count,monocyte count,GCST90474524,40770095,UK Biobank Whole-Genome Sequencing Consortium,2025,Monocyte count (UKB data field 30130),True,True,"2,686 Ashkenazi Jewish individuals | NA",https://www.ebi.ac.uk/gwas/studies/GCST90474524
biomarker,monocyte count,monocyte count,GCST90474526,40770095,UK Biobank Whole-Genome Sequencing Consortium,2025,Monocyte count (UKB data field 30130),True,True,"441,305 Non-Finnish European ancestry individuals | NA",https://www.ebi.ac.uk/gwas/studies/GCST90474526
biomarker,monocyte count,monocyte count,GCST90682375,41606330,Namba S,2026,Monocyte x sex interaction,True,True,"262,331 British ancestry individuals | 36,478 British ancestry individuals",https://www.ebi.ac.uk/gwas/studies/GCST90682375
biomarker,monocyte count,monocyte count,GCST90682422,41606330,Namba S,2026,Monocyte x age interaction,True,True,"262,331 British ancestry individuals | 36,478 British ancestry individuals",https://www.ebi.ac.uk/gwas/studies/GCST90682422
biomarker,monocyte count,monocyte count,GCST90682469,41606330,Namba S,2026,Monocyte x ever-drinking interaction,True,True,"262,243 British ancestry individuals | 36,442 British ancestry individuals",https://www.ebi.ac.uk/gwas/studies/GCST90682469
biomarker,monocyte count,monocyte count,GCST90682516,41606330,Namba S,2026,Monocyte x ever-smoking interaction,True,True,"261,762 British ancestry individuals | 36,347 British ancestry individuals",https://www.ebi.ac.uk/gwas/studies/GCST90682516
biomarker,monocyte count,monocyte count,GCST90682563,41606330,Namba S,2026,Monocyte x current-smoking interaction,True,True,"261,762 British ancestry individuals | 36,347 British ancestry individuals",https://www.ebi.ac.uk/gwas/studies/GCST90682563
biomarker,monocyte count,monocyte count,GCST90682610,41606330,Namba S,2026,Monocyte x meat and cheese interaction,True,True,"262,301 British ancestry individuals | 28,830 British ancestry individuals",https://www.ebi.ac.uk/gwas/studies/GCST90682610
biomarker,monocyte count,monocyte count,GCST90682657,41606330,Namba S,2026,Monocyte x vegetable and fish interaction,True,True,"262,301 British ancestry individuals | 28,830 British ancestry individuals",https://www.ebi.ac.uk/gwas/studies/GCST90682657
biomarker,monocyte count,monocyte count,GCST90682704,41606330,Namba S,2026,Monocyte x tea and coffee interaction,True,True,"262,301 British ancestry individuals | 28,830 British ancestry individuals",https://www.ebi.ac.uk/gwas/studies/GCST90682704
biomarker,monocyte count,monocyte count,GCST90682751,41606330,Namba S,2026,Monocyte x physical activity interaction,True,True,"262,301 British ancestry individuals | 28,830 British ancestry individuals",https://www.ebi.ac.uk/gwas/studies/GCST90682751
biomarker,monocyte count,monocyte count,GCST90682798,41606330,Namba S,2026,"Monocyte x commonly-tested environments (Sex, Age, Ever-drinking, Ever-smoking, and Current-smoking) interaction",True,True,"261,678 British ancestry individuals | 36,317 British ancestry individuals",https://www.ebi.ac.uk/gwas/studies/GCST90682798
biomarker,monocyte count,monocyte count,GCST90682845,41606330,Namba S,2026,"Monocyte x all environments (Sex, Age, Ever-drinking, Ever-smoking, Current-smoking, Meat and cheese, Vegetable and fish, Tea and coffee, and Physical activity) interaction",True,True,"261,648 British ancestry individuals | 28,751 British ancestry individuals",https://www.ebi.ac.uk/gwas/studies/GCST90682845
biomarker,eosinophil count,eosinophil count,GCST010239,28031487,Guo MH,2016,Eosinophil count,False,True,"5,586 European ancestry individuals | NA",https://www.ebi.ac.uk/gwas/studies/GCST010239
biomarker,eosinophil count,eosinophil count,GCST90002298,32888493,Chen MH,2020,Eosinophil count,True,True,"474,237 European ancestry individuals | NA",https://www.ebi.ac.uk/gwas/studies/GCST90002298
biomarker,eosinophil count,eosinophil count,GCST90002381,32888494,Vuckovic D,2020,Eosinophil count,True,True,"408,112 British individuals | NA",https://www.ebi.ac.uk/gwas/studies/GCST90002381
biomarker,eosinophil count,eosinophil count,GCST004606,27863252,Astle WJ,2016,Eosinophil count,True,True,"172,275 European ancestry individuals | NA",https://www.ebi.ac.uk/gwas/studies/GCST004606
biomarker,eosinophil count,eosinophil count,GCST008428,19853236,Ferreira MA,2009,Eosinophil count,True,True,"2,538 European ancestry individuals, 3,477 individuals | 1,543 individuals",https://www.ebi.ac.uk/gwas/studies/GCST008428
biomarker,eosinophil count,eosinophil count,GCST007065,30595370,Kichaev G,2018,Eosinophil count,False,True,"approximately 440,000 European ancestry individuals | NA",https://www.ebi.ac.uk/gwas/studies/GCST007065
biomarker,eosinophil count,eosinophil count,GCST90013985,34017140,Mbatchou J,2021,Eosinophill count (UKB data field 30150),True,True,"395,949 British ancestry individuals | NA",https://www.ebi.ac.uk/gwas/studies/GCST90013985
biomarker,eosinophil count,eosinophil count,GCST90027349,35240056,Auwerx C,2022,Eosinophill count (UKB data field 30150) (CNV duplication-only model),True,True,"321,953 white British ancestry individuals | NA",https://www.ebi.ac.uk/gwas/studies/GCST90027349
biomarker,eosinophil count,eosinophil count,GCST90027406,35240056,Auwerx C,2022,Eosinophill count (UKB data field 30150) (CNV deletion-only model),True,True,"321,953 white British ancestry individuals | NA",https://www.ebi.ac.uk/gwas/studies/GCST90027406
biomarker,eosinophil count,eosinophil count,GCST90027292,35240056,Auwerx C,2022,Eosinophill count (UKB data field 30150) (CNV mirror model),True,True,"321,953 white British ancestry individuals | NA",https://www.ebi.ac.uk/gwas/studies/GCST90027292
biomarker,eosinophil count,eosinophil count,GCST90297459,38116119,Margoliash J,2023,Eosinophil count (short tandem repeats),True,True,"335,081 British ancestry individuals | NA",https://www.ebi.ac.uk/gwas/studies/GCST90297459
biomarker,eosinophil count,eosinophil count,GCST90028992,29892013,Loh PR,2018,White blood cell count (eosinophil),True,True,"513,859 European ancestry individuals | NA",https://www.ebi.ac.uk/gwas/studies/GCST90028992
biomarker,eosinophil count,eosinophil count,GCST90056180,34469753,Kachuri L,2021,Eosinophil count,False,True,"234,763 European ancestry individuals | 100,553 European ancestry individuals",https://www.ebi.ac.uk/gwas/studies/GCST90056180
biomarker,eosinophil count,eosinophil count,GCST90025987,34226706,Barton AR,2021,Eosinophil count,True,True,"440,275 European ancestry individuals | NA",https://www.ebi.ac.uk/gwas/studies/GCST90025987
biomarker,eosinophil count,eosinophil count,GCST90026521,34107879,Hu Y,2021,White blood cell count (eosinophil),False,True,"27,236 European ancestry individuals | NA",https://www.ebi.ac.uk/gwas/studies/GCST90026521
biomarker,eosinophil count,eosinophil count,GCST90297503,38116119,Margoliash J,2023,Eosinophil count (short tandem repeats),True,True,"15,039 European ancestry individuals | NA",https://www.ebi.ac.uk/gwas/studies/GCST90297503
biomarker,eosinophil count,eosinophil count,GCST90455667,38196893,Edris A,2024,Asthma exacerbations x eosinophilia interaction,False,True,"11,604 European ancestry cases, 37,890 European ancestry controls | NA",https://www.ebi.ac.uk/gwas/studies/GCST90455667
biomarker,eosinophil count,eosinophil count,GCST90297371,38116119,Margoliash J,2023,Eosinophil count (short tandem repeats),True,True,"11,337 Irish ancestry individuals | NA",https://www.ebi.ac.uk/gwas/studies/GCST90297371
biomarker,eosinophil count,eosinophil count,GCST90012645,33441150,Dennis JK,2021,Eosinophils absolute count,True,True,"24,652 European ancestry individuals | NA",https://www.ebi.ac.uk/gwas/studies/GCST90012645
biomarker,eosinophil count,eosinophil count,GCST90012646,33441150,Dennis JK,2021,Eosinophils,True,True,"25,862 European ancestry individuals | NA",https://www.ebi.ac.uk/gwas/studies/GCST90012646
biomarker,eosinophil count,eosinophil count,GCST90012647,33441150,Dennis JK,2021,Eosinophils [#/volume] in Blood by Automated count,True,True,"30,322 European ancestry individuals | NA",https://www.ebi.ac.uk/gwas/studies/GCST90012647
biomarker,eosinophil count,eosinophil count,GCST90012650,33441150,Dennis JK,2021,Eosinophils %,True,True,"30,313 European ancestry individuals | NA",https://www.ebi.ac.uk/gwas/studies/GCST90012650
biomarker,eosinophil count,eosinophil count,GCST90134621,35935937,Höglund J,2022,Eosinophil count,False,True,"365,954 British ancestry individuals | NA",https://www.ebi.ac.uk/gwas/studies/GCST90134621
biomarker,eosinophil count,eosinophil count,GCST90565689,40335489,Xiang R,2025,Eosinophil count variance,True,True,"406,469 European ancestry individuals | NA",https://www.ebi.ac.uk/gwas/studies/GCST90565689
biomarker,eosinophil count,eosinophil count,GCST90475288,39024449,Verma A,2024,"eosinophil (absolute count, maximum, inv-norm transformed)",True,True,"310,588 European ancestry individuals | NA",https://www.ebi.ac.uk/gwas/studies/GCST90475288
biomarker,eosinophil count,eosinophil count,GCST90475291,39024449,Verma A,2024,"eosinophil (absolute count, mean, inv-norm transformed)",True,True,"310,757 European ancestry individuals | NA",https://www.ebi.ac.uk/gwas/studies/GCST90475291
biomarker,eosinophil count,eosinophil count,GCST90475294,39024449,Verma A,2024,"eosinophil (absolute count, minimum, inv-norm transformed)",True,True,"310,849 European ancestry individuals | NA",https://www.ebi.ac.uk/gwas/studies/GCST90475294
biomarker,eosinophil count,eosinophil count,GCST90475297,39024449,Verma A,2024,"eosinophil (fraction, maximum, inv-norm transformed)",True,True,"335,542 European ancestry individuals | NA",https://www.ebi.ac.uk/gwas/studies/GCST90475297
biomarker,eosinophil count,eosinophil count,GCST90475300,39024449,Verma A,2024,"eosinophil (fraction, mean, inv-norm transformed)",True,True,"335,542 European ancestry individuals | NA",https://www.ebi.ac.uk/gwas/studies/GCST90475300
biomarker,eosinophil count,eosinophil count,GCST90475303,39024449,Verma A,2024,"eosinophil (fraction, minimum, inv-norm transformed)",True,True,"335,542 European ancestry individuals | NA",https://www.ebi.ac.uk/gwas/studies/GCST90475303
biomarker,eosinophil count,eosinophil count,GCST90078994,34662886,Backman JD,2021,Eosinophill count (UKB data field 30150),True,True,"418,449 European ancestry individuals | 100,249 European ancestry individuals",https://www.ebi.ac.uk/gwas/studies/GCST90078994
biomarker,eosinophil count,eosinophil count,GCST90082980,34662886,Backman JD,2021,Eosinophill count (UKB data field 30150) (Gene-based burden),True,True,"418,449 European ancestry individuals | NA",https://www.ebi.ac.uk/gwas/studies/GCST90082980
biomarker,eosinophil count,eosinophil count,GCST90468068,39789286,Loya H,2025,Eosinophill count (UKB data field 30150),True,True,"394,642 European ancestry individuals | NA",https://www.ebi.ac.uk/gwas/studies/GCST90468068
biomarker,eosinophil count,eosinophil count,GCST90691824,40968291,Karczewski KJ,2025,Eosinophill count (UKB data field 30150),True,True,"407,265 European ancestry individuals | NA",https://www.ebi.ac.uk/gwas/studies/GCST90691824
biomarker,eosinophil count,eosinophil count,GCST90474534,40770095,UK Biobank Whole-Genome Sequencing Consortium,2025,Eosinophill count (UKB data field 30150),True,True,"2,686 Ashkenazi Jewish individuals | NA",https://www.ebi.ac.uk/gwas/studies/GCST90474534
biomarker,eosinophil count,eosinophil count,GCST90474536,40770095,UK Biobank Whole-Genome Sequencing Consortium,2025,Eosinophill count (UKB data field 30150),True,True,"441,305 Non-Finnish European ancestry individuals | NA",https://www.ebi.ac.uk/gwas/studies/GCST90474536
biomarker,eosinophil count,eosinophil count,GCST90727311,41896352,Kim HI,2026,Eosinophils,True,True,"32,712 British Bangladeshi or British Pakistani individuals | 11,863 British Bangladeshi or British Pakistani individuals",https://www.ebi.ac.uk/gwas/studies/GCST90727311
biomarker,eosinophil count,eosinophil count,GCST90682387,41606330,Namba S,2026,Eosinophil x sex interaction,True,True,"255,821 British ancestry individuals | 35,533 British ancestry individuals",https://www.ebi.ac.uk/gwas/studies/GCST90682387
biomarker,eosinophil count,eosinophil count,GCST90682434,41606330,Namba S,2026,Eosinophil x age interaction,True,True,"255,821 British ancestry individuals | 35,533 British ancestry individuals",https://www.ebi.ac.uk/gwas/studies/GCST90682434
biomarker,eosinophil count,eosinophil count,GCST90682481,41606330,Namba S,2026,Eosinophil x ever-drinking interaction,True,True,"255,736 British ancestry individuals | 35,498 British ancestry individuals",https://www.ebi.ac.uk/gwas/studies/GCST90682481
biomarker,eosinophil count,eosinophil count,GCST90682528,41606330,Namba S,2026,Eosinophil x ever-smoking interaction,True,True,"255,264 British ancestry individuals | 35,403 British ancestry individuals",https://www.ebi.ac.uk/gwas/studies/GCST90682528
biomarker,eosinophil count,eosinophil count,GCST90682575,41606330,Namba S,2026,Eosinophil x current-smoking interaction,True,True,"255,264 British ancestry individuals | 35,403 British ancestry individuals",https://www.ebi.ac.uk/gwas/studies/GCST90682575
biomarker,eosinophil count,eosinophil count,GCST90682622,41606330,Namba S,2026,Eosinophil x meat and cheese interaction,True,True,"255,792 British ancestry individuals | 28,092 British ancestry individuals",https://www.ebi.ac.uk/gwas/studies/GCST90682622
biomarker,eosinophil count,eosinophil count,GCST90682669,41606330,Namba S,2026,Eosinophil x vegetable and fish interaction,True,True,"255,792 British ancestry individuals | 28,092 British ancestry individuals",https://www.ebi.ac.uk/gwas/studies/GCST90682669
biomarker,eosinophil count,eosinophil count,GCST90682716,41606330,Namba S,2026,Eosinophil x tea and coffee interaction,True,True,"255,792 British ancestry individuals | 28,092 British ancestry individuals",https://www.ebi.ac.uk/gwas/studies/GCST90682716
biomarker,eosinophil count,eosinophil count,GCST90682763,41606330,Namba S,2026,Eosinophil x physical activity interaction,True,True,"255,792 British ancestry individuals | 28,092 British ancestry individuals",https://www.ebi.ac.uk/gwas/studies/GCST90682763
biomarker,eosinophil count,eosinophil count,GCST90682810,41606330,Namba S,2026,"Eosinophil x commonly-tested environments (Sex, Age, Ever-drinking, Ever-smoking, and Current-smoking) interaction",True,True,"255,183 British ancestry individuals | 35,374 British ancestry individuals",https://www.ebi.ac.uk/gwas/studies/GCST90682810
biomarker,eosinophil count,eosinophil count,GCST90682857,41606330,Namba S,2026,"Eosinophil x all environments (Sex, Age, Ever-drinking, Ever-smoking, Current-smoking, Meat and cheese, Vegetable and fish, Tea and coffee, and Physical activity) interaction",True,True,"255,154 British ancestry individuals | 28,013 British ancestry individuals",https://www.ebi.ac.uk/gwas/studies/GCST90682857
biomarker,platelet count,platelet count,GCST007652,30453346,Tunjungputri RN,2018,Platelet count and reactivity phenotypes,False,True,534 European ancestry individuals | NA,https://www.ebi.ac.uk/gwas/studies/GCST007652
biomarker,platelet count,platelet count,GCST90002357,32888493,Chen MH,2020,Platelet count,True,True,"542,827 European ancestry individuals | NA",https://www.ebi.ac.uk/gwas/studies/GCST90002357
biomarker,platelet count,platelet count,GCST90002402,32888494,Vuckovic D,2020,Platelet count,True,True,"408,112 British individuals | NA",https://www.ebi.ac.uk/gwas/studies/GCST90002402
biomarker,platelet count,platelet count,GCST009465,24777453,Auer PL,2014,Platelet count,False,True,"24,814 European ancestry individuals  | 6,526 European ancestry individuals ",https://www.ebi.ac.uk/gwas/studies/GCST009465
biomarker,platelet count,platelet count,GCST010229,28031487,Guo MH,2016,Platelet count,False,True,"2,083 European ancestry individuals | NA",https://www.ebi.ac.uk/gwas/studies/GCST010229
biomarker,platelet count,platelet count,GCST001337,22139419,Gieger C,2011,Platelet count,False,True,"38,891 European ancestry individuals, 1,661 Val Borbera (founder/genetic isolate) individuals, 521 Carlantino (founder/genetic isolate) individuals, 1,198 Friul",https://www.ebi.ac.uk/gwas/studies/GCST001337
biomarker,platelet count,platelet count,GCST002186,24026423,Shameer K,2013,Platelet count,False,True,"13,582 European ancestry individuals | NA",https://www.ebi.ac.uk/gwas/studies/GCST002186
biomarker,platelet count,platelet count,GCST000498,19820697,Soranzo N,2009,Hematological parameters,False,True,"4,627 European ancestry individuals | 9,316 European ancestry individuals",https://www.ebi.ac.uk/gwas/studies/GCST000498
biomarker,platelet count,platelet count,GCST004603,27863252,Astle WJ,2016,Platelet count,True,True,"166,066 European ancestry individuals | NA",https://www.ebi.ac.uk/gwas/studies/GCST004603
biomarker,platelet count,platelet count,GCST005054,29066854,Lin BD,2017,Platelet count,False,True,"5,901 Dutch ancestry individuals | 2,538 individuals",https://www.ebi.ac.uk/gwas/studies/GCST005054
biomarker,platelet count,platelet count,GCST000510,19853236,Ferreira MA,2009,Platelet count,True,True,"2,538 European ancestry individuals, 3,477 individuals | 1,543 individuals",https://www.ebi.ac.uk/gwas/studies/GCST000510
biomarker,platelet count,platelet count,GCST90013980,34017140,Mbatchou J,2021,Platelet count (UKB data field 30080),True,True,"396,621 British ancestry individuals | NA",https://www.ebi.ac.uk/gwas/studies/GCST90013980
biomarker,platelet count,platelet count,GCST90027368,35240056,Auwerx C,2022,Platelet count (UKB data field 30080) (CNV duplication-only model),True,True,"322,499 white British ancestry individuals | NA",https://www.ebi.ac.uk/gwas/studies/GCST90027368
biomarker,platelet count,platelet count,GCST90027425,35240056,Auwerx C,2022,Platelet count (UKB data field 30080) (CNV deletion-only model),True,True,"322,499 white British ancestry individuals | NA",https://www.ebi.ac.uk/gwas/studies/GCST90027425
biomarker,platelet count,platelet count,GCST90027311,35240056,Auwerx C,2022,Platelet count (UKB data field 30080) (CNV mirror model),True,True,"322,499 white British ancestry individuals | NA",https://www.ebi.ac.uk/gwas/studies/GCST90027311
biomarker,platelet count,platelet count,GCST90297391,38116119,Margoliash J,2023,Platelet count (short tandem repeats),True,True,"11,362 Irish ancestry individuals | NA",https://www.ebi.ac.uk/gwas/studies/GCST90297391
biomarker,platelet count,platelet count,GCST90028999,29892013,Loh PR,2018,Platelet count,True,True,"600,968 European ancestry individuals | NA",https://www.ebi.ac.uk/gwas/studies/GCST90028999
biomarker,platelet count,platelet count,GCST90056183,34469753,Kachuri L,2021,Platelet count,False,True,"235,256 European ancestry individuals | 100,764 European ancestry individuals",https://www.ebi.ac.uk/gwas/studies/GCST90056183
biomarker,platelet count,platelet count,GCST90025951,34226706,Barton AR,2021,Platelet count,True,True,"444,866 European ancestry individuals | NA",https://www.ebi.ac.uk/gwas/studies/GCST90025951
biomarker,platelet count,platelet count,GCST90026525,34107879,Hu Y,2021,Platelet count,False,True,"27,236 European ancestry individuals | NA",https://www.ebi.ac.uk/gwas/studies/GCST90026525
biomarker,platelet count,platelet count,GCST90297479,38116119,Margoliash J,2023,Platelet count (short tandem repeats),True,True,"335,585 British ancestry individuals | NA",https://www.ebi.ac.uk/gwas/studies/GCST90297479
biomarker,platelet count,platelet count,GCST90297523,38116119,Margoliash J,2023,Platelet count (short tandem repeats),True,True,"15,065 European ancestry individuals | NA",https://www.ebi.ac.uk/gwas/studies/GCST90297523
biomarker,platelet count,platelet count,GCST90082973,34662886,Backman JD,2021,Platelet count (UKB data field 30080) (Gene-based burden),True,True,"419,189 European ancestry individuals | NA",https://www.ebi.ac.uk/gwas/studies/GCST90082973
biomarker,platelet count,platelet count,GCST90278197,36930802,Gagnon MF,2023,Platelet count,False,True,"2,465 French ancestry older women | NA",https://www.ebi.ac.uk/gwas/studies/GCST90278197
biomarker,platelet count,platelet count,GCST90727343,41896352,Kim HI,2026,Platelet count,True,True,"32,720 British Bangladeshi or British Pakistani individuals | 11,863 British Bangladeshi or British Pakistani individuals",https://www.ebi.ac.uk/gwas/studies/GCST90727343
biomarker,platelet count,platelet count,GCST90256608,36672180,Tirozzi A,2023,Platelet count (MTAG),False,True,"at least 408,112 European ancestry individuals | NA",https://www.ebi.ac.uk/gwas/studies/GCST90256608
biomarker,platelet count,platelet count,GCST90012681,33441150,Dennis JK,2021,Platelets reticulated/100 platelets in Blood by Automated count,True,True,"4,608 European ancestry individuals | NA",https://www.ebi.ac.uk/gwas/studies/GCST90012681
biomarker,platelet count,platelet count,GCST90565702,40335489,Xiang R,2025,Platelet count variance,True,True,"391,231 European ancestry individuals | NA",https://www.ebi.ac.uk/gwas/studies/GCST90565702
biomarker,platelet count,platelet count,GCST90310193,39901012,Hu S,2025,Platelet count (UKB data field 30080),True,True,"333,738 British ancestry individuals | NA",https://www.ebi.ac.uk/gwas/studies/GCST90310193
biomarker,platelet count,platelet count,GCST90476296,39024449,Verma A,2024,"platelet count (maximum, inv-norm transformed)",True,True,"406,601 European ancestry individuals | NA",https://www.ebi.ac.uk/gwas/studies/GCST90476296
biomarker,platelet count,platelet count,GCST90476299,39024449,Verma A,2024,"platelet count (mean, inv-norm transformed)",True,True,"407,021 European ancestry individuals | NA",https://www.ebi.ac.uk/gwas/studies/GCST90476299
biomarker,platelet count,platelet count,GCST90476302,39024449,Verma A,2024,"platelet count (minimum, inv-norm transformed)",True,True,"407,168 European ancestry individuals | NA",https://www.ebi.ac.uk/gwas/studies/GCST90476302
biomarker,platelet count,platelet count,GCST90309869,38351177,Jung H,2024,Platelet count (UKB data field 30080),True,True,"174,488 European ancestry individuals | NA",https://www.ebi.ac.uk/gwas/studies/GCST90309869
biomarker,platelet count,platelet count,GCST90468095,39789286,Loya H,2025,Platelet count (UKB data field 30080),True,True,"394,642 European ancestry individuals | NA",https://www.ebi.ac.uk/gwas/studies/GCST90468095
biomarker,platelet count,platelet count,GCST90691817,40968291,Karczewski KJ,2025,Platelet count (UKB data field 30080),True,True,"407,992 European ancestry individuals | NA",https://www.ebi.ac.uk/gwas/studies/GCST90691817
biomarker,platelet count,platelet count,GCST90474499,40770095,UK Biobank Whole-Genome Sequencing Consortium,2025,Platelet count (UKB data field 30080),True,True,"2,693 Ashkenazi Jewish individuals | NA",https://www.ebi.ac.uk/gwas/studies/GCST90474499
biomarker,platelet count,platelet count,GCST90474501,40770095,UK Biobank Whole-Genome Sequencing Consortium,2025,Platelet count (UKB data field 30080),True,True,"442,098 Non-Finnish European ancestry individuals | NA",https://www.ebi.ac.uk/gwas/studies/GCST90474501
biomarker,platelet count,platelet count,GCST90682369,41606330,Namba S,2026,Platelet x sex interaction,True,True,"263,462 British ancestry individuals | 36,643 British ancestry individuals",https://www.ebi.ac.uk/gwas/studies/GCST90682369
biomarker,platelet count,platelet count,GCST90682416,41606330,Namba S,2026,Platelet x age interaction,True,True,"263,462 British ancestry individuals | 36,643 British ancestry individuals",https://www.ebi.ac.uk/gwas/studies/GCST90682416
biomarker,platelet count,platelet count,GCST90682463,41606330,Namba S,2026,Platelet x ever-drinking interaction,True,True,"263,375 British ancestry individuals | 36,606 British ancestry individuals",https://www.ebi.ac.uk/gwas/studies/GCST90682463
biomarker,platelet count,platelet count,GCST90682510,41606330,Namba S,2026,Platelet x ever-smoking interaction,True,True,"262,882 British ancestry individuals | 36,511 British ancestry individuals",https://www.ebi.ac.uk/gwas/studies/GCST90682510
biomarker,platelet count,platelet count,GCST90682557,41606330,Namba S,2026,Platelet x current-smoking interaction,True,True,"262,882 British ancestry individuals | 36,511 British ancestry individuals",https://www.ebi.ac.uk/gwas/studies/GCST90682557
biomarker,platelet count,platelet count,GCST90682604,41606330,Namba S,2026,Platelet x meat and cheese interaction,True,True,"263,430 British ancestry individuals | 28,944 British ancestry individuals",https://www.ebi.ac.uk/gwas/studies/GCST90682604
biomarker,platelet count,platelet count,GCST90682651,41606330,Namba S,2026,Platelet x vegetable and fish interaction,True,True,"263,430 British ancestry individuals | 28,944 British ancestry individuals",https://www.ebi.ac.uk/gwas/studies/GCST90682651
biomarker,platelet count,platelet count,GCST90682698,41606330,Namba S,2026,Platelet x tea and coffee interaction,True,True,"263,430 British ancestry individuals | 28,944 British ancestry individuals",https://www.ebi.ac.uk/gwas/studies/GCST90682698
biomarker,platelet count,platelet count,GCST90682745,41606330,Namba S,2026,Platelet x physical activity interaction,True,True,"263,430 British ancestry individuals | 28,944 British ancestry individuals",https://www.ebi.ac.uk/gwas/studies/GCST90682745
biomarker,platelet count,platelet count,GCST90682792,41606330,Namba S,2026,"Platelet x commonly-tested environments (Sex, Age, Ever-drinking, Ever-smoking, and Current-smoking) interaction",True,True,"262,799 British ancestry individuals | 36,480 British ancestry individuals",https://www.ebi.ac.uk/gwas/studies/GCST90682792
biomarker,platelet count,platelet count,GCST90682839,41606330,Namba S,2026,"Platelet x all environments (Sex, Age, Ever-drinking, Ever-smoking, Current-smoking, Meat and cheese, Vegetable and fish, Tea and coffee, and Physical activity) interaction",True,True,"262,767 British ancestry individuals | 28,864 British ancestry individuals",https://www.ebi.ac.uk/gwas/studies/GCST90682839
biomarker,platelet count,platelet count,GCST90078987,34662886,Backman JD,2021,Platelet count (UKB data field 30080),True,True,"419,189 European ancestry individuals | 115,119 European ancestry individuals",https://www.ebi.ac.uk/gwas/studies/GCST90078987
biomarker,albumin,Serum albumin levels,GCST005059,28887542,Prins BP,2017,Serum albumin levels,True,True,"5,501 European ancestry women, 4,323 European ancestry men | 9,888 European ancestry individuals, 16,013 individuals",https://www.ebi.ac.uk/gwas/studies/GCST005059
biomarker,albumin,Serum albumin levels,GCST90025992,34226706,Barton AR,2021,Serum albumin levels,True,True,"400,938 European ancestry individuals | NA",https://www.ebi.ac.uk/gwas/studies/GCST90025992
biomarker,albumin,Serum albumin levels,GCST90319599,38584764,Kiewa J,2024,Serum albumin levels,True,True,"215,535 European ancestry individuals | NA",https://www.ebi.ac.uk/gwas/studies/GCST90319599
biomarker,albumin,Serum albumin levels,GCST90319627,38584764,Kiewa J,2024,Serum albumin levels,True,True,"181,946 European ancestry individuals | NA",https://www.ebi.ac.uk/gwas/studies/GCST90319627
biomarker,albumin,Serum albumin levels,GCST90249424,34648354,Pietzner M,2021,Serum albumin levels,False,True,"10,708 European ancestry individuals | NA",https://www.ebi.ac.uk/gwas/studies/GCST90249424
biomarker,albumin,Serum albumin levels,GCST90423275,39528825,Western D,2024,Serum albumin levels,True,True,"2,721 European ancestry individuals | NA",https://www.ebi.ac.uk/gwas/studies/GCST90423275
biomarker,ALT,Alanine aminotransferase levels,GCST90020236,33980691,Martin S,2021,Alanine aminotransferase levels,False,True,"429,203 European ancestry individuals | NA",https://www.ebi.ac.uk/gwas/studies/GCST90020236
biomarker,ALT,Alanine aminotransferase levels,GCST90025866,34184762,Gao C,2021,Alanine aminotransferase levels,False,True,"388,865 European ancestry individuals | NA",https://www.ebi.ac.uk/gwas/studies/GCST90025866
biomarker,ALT,Alanine aminotransferase levels,GCST90025979,34226706,Barton AR,2021,Alanine aminotransferase levels,True,True,"437,724 European ancestry individuals | NA",https://www.ebi.ac.uk/gwas/studies/GCST90025979
biomarker,ALT,Alanine aminotransferase levels,GCST90428729,38632349,Ghouse J,2024,Alanine aminotransferase levels,False,True,"1,010,710 European ancestry individuals | NA",https://www.ebi.ac.uk/gwas/studies/GCST90428729
biomarker,ALT,Alanine aminotransferase levels,GCST90832943,41896352,Kim HI,2026,Alanine aminotransferase levels,False,True,"31,700 British Bangladeshi or British Pakistani individuals, 390,839 European ancestry individuals | NA",https://www.ebi.ac.uk/gwas/studies/GCST90832943
biomarker,ALT,Alanine aminotransferase levels,GCST90691566,40968291,Karczewski KJ,2025,Alanine aminotransferase levels,True,True,"400,822 European ancestry individuals | NA",https://www.ebi.ac.uk/gwas/studies/GCST90691566
biomarker,ALT,Alanine aminotransferase levels,GCST90727300,41896352,Kim HI,2026,Alanine aminotransferase levels,True,True,"31,700 British Bangladeshi or British Pakistani individuals | 11,863 British Bangladeshi or British Pakistani individuals",https://www.ebi.ac.uk/gwas/studies/GCST90727300
biomarker,vitamin D,Vitamin D levels,GCST000664,20418485,Ahn J,2010,Vitamin D levels,False,True,"4,501 European ancestry individuals | 2,221 European ancestry individuals",https://www.ebi.ac.uk/gwas/studies/GCST000664
biomarker,vitamin D,Vitamin D levels,GCST002602,25208829,Anderson D,2014,Vitamin D levels,False,True,"645 European ancestry age 6 individuals, 28 age 6 individuals, 1,073 European ancestry age 14 individuals, 67 age 14 individuals | NA",https://www.ebi.ac.uk/gwas/studies/GCST002602
biomarker,vitamin D,Vitamin D levels,GCST004726,28757204,Manousaki D,2017,Vitamin D levels,False,True,"2,619 whole genome sequenced European ancestry individuals, up to 38,213 European ancestry individuals, 1,442 individuals | NA",https://www.ebi.ac.uk/gwas/studies/GCST004726
biomarker,vitamin D,Vitamin D levels,GCST005367,29343764,Jiang X,2018,Vitamin D levels,True,True,"79,366 European ancestry individuals | 42,757 European and unknown ancestry individuals",https://www.ebi.ac.uk/gwas/studies/GCST005367
biomarker,vitamin D,Vitamin D levels,GCST90025967,34226706,Barton AR,2021,Vitamin D levels,True,True,"418,691 European ancestry individuals | NA",https://www.ebi.ac.uk/gwas/studies/GCST90025967
biomarker,vitamin D,Vitamin D levels,GCST90102542,35045726,Richardson TG,2022,Vitamin D levels,False,True,"419,718 European ancestry individuals | NA",https://www.ebi.ac.uk/gwas/studies/GCST90102542
biomarker,vitamin D,Vitamin D levels,GCST90652548,41315334,Shraim R,2025,Vitamin D levels,True,True,"338,977 British ancestry individuals | up to 26,659 European ancestry individuals",https://www.ebi.ac.uk/gwas/studies/GCST90652548
biomarker,vitamin D,Vitamin D levels,GCST90428758,37841410,Hendi NN,2023,Vitamin D levels,False,True,"6,045 Qatari ancestry individuals, 357,183 European ancestry individuals | NA",https://www.ebi.ac.uk/gwas/studies/GCST90428758
biomarker,vitamin D,Vitamin D levels,GCST90691584,40968291,Karczewski KJ,2025,Vitamin D levels,True,True,"383,324 European ancestry individuals | NA",https://www.ebi.ac.uk/gwas/studies/GCST90691584
biomarker,vitamin D,Vitamin D levels,GCST90727368,41896352,Kim HI,2026,Vitamin D levels,True,True,"13,563 British Bangladeshi or British Pakistani individuals | 11,863 British Bangladeshi or British Pakistani individuals",https://www.ebi.ac.uk/gwas/studies/GCST90727368
cause,BMI,body mass index,GCST007303,30413934,Broce IJ,2018,Alzheimer's disease or cardiovascular risk factors (pleiotropy),False,True,"17,008 European ancestry Alzheimer's disease cases, 48,286 European ancestry type 2 diabetes cases, 17,283 European ancestry coronary artery disease cases, 425,",https://www.ebi.ac.uk/gwas/studies/GCST007303
cause,BMI,body mass index,GCST009004,30239722,Pulit SL,2018,Body mass index,True,True,"806,834 European ancestry individuals | NA",https://www.ebi.ac.uk/gwas/studies/GCST009004
cause,BMI,body mass index,GCST008128,29273807,Turcot V,2017,Body mass index,True,True,"up to 449,889 European ancestry individuals | up to 192,226 European ancestry individuals",https://www.ebi.ac.uk/gwas/studies/GCST008128
cause,BMI,body mass index,GCST009107,31453325,Wang H,2019,Body mass index variance,True,True,"346,393 European ancestry individuals | NA",https://www.ebi.ac.uk/gwas/studies/GCST009107
cause,BMI,body mass index,GCST009296,31575865,Helgeland Ø,2019,BMI at 2 years old,True,True,"4,631 Norwegian ancestry individuals | 2,501 Norwegian ancestry individuals",https://www.ebi.ac.uk/gwas/studies/GCST009296
cause,BMI,body mass index,GCST009282,31575865,Helgeland Ø,2019,BMI at birth,True,True,"9,286 Norwegian ancestry individuals | 5,235 Norwegian ancestry individuals",https://www.ebi.ac.uk/gwas/studies/GCST009282
cause,BMI,body mass index,GCST009295,31575865,Helgeland Ø,2019,BMI at 1.5 years old,True,True,"6,800 Norwegian ancestry individuals | 3,780 Norwegian ancestry individuals",https://www.ebi.ac.uk/gwas/studies/GCST009295
cause,BMI,body mass index,GCST009297,31575865,Helgeland Ø,2019,BMI at 3 years old,True,True,"5,069 Norwegian ancestry individuals | 2,833 Norwegian ancestry individuals",https://www.ebi.ac.uk/gwas/studies/GCST009297
cause,BMI,body mass index,GCST009298,31575865,Helgeland Ø,2019,BMI at 5 years old,True,True,"4,245 Norwegian ancestry individuals | 2,209 Norwegian ancestry individuals",https://www.ebi.ac.uk/gwas/studies/GCST009298
cause,BMI,body mass index,GCST009371,31754094,Pisanu C,2019,Bipolar disorder or body mass index,False,True,"20,352 European ancestry bipolar disorder cases, 31,358 European ancestry controls, 322,154 European ancestry individuals with BMI data. | NA",https://www.ebi.ac.uk/gwas/studies/GCST009371
cause,BMI,body mass index,GCST009866,31669095,Zhu Z,2019,Nonatopic asthma and/or BMI,False,True,"28,862 European ancestry cases, 422,048 European ancestry controls, 6,912 European ancestry individuals | NA",https://www.ebi.ac.uk/gwas/studies/GCST009866
cause,BMI,body mass index,GCST009639,31813042,Wang L,2019,Stroke and BMI (pleiotropy),False,True,"40,585 European ancestry stroke cases, 406,111 European ancestry controls, 681,275 European ancestry individuals | NA",https://www.ebi.ac.uk/gwas/studies/GCST009639
cause,BMI,body mass index,GCST009868,31669095,Zhu Z,2019,Adult onset asthma and/or BMI,False,True,"33,418 European ancestry cases, 393,186 European ancestry controls, 31,218 European ancestry individuals | NA",https://www.ebi.ac.uk/gwas/studies/GCST009868
cause,BMI,body mass index,GCST010721,32363570,Giri AK,2020,Body mass index,False,True,"1,142 Indo-European Indian ancestry individuals | 6,117 Indo-European Indian ancestry individuals",https://www.ebi.ac.uk/gwas/studies/GCST010721
cause,BMI,body mass index,GCST009288,31575865,Helgeland Ø,2019,BMI at 6 weeks old,True,True,"6,450 Norwegian ancestry individuals | 3,444 Norwegian ancestry individuals",https://www.ebi.ac.uk/gwas/studies/GCST009288
cause,BMI,body mass index,GCST009290,31575865,Helgeland Ø,2019,BMI at 3 months old,True,True,"7,970 Norwegian ancestry individuals | 4,454 Norwegian ancestry individuals",https://www.ebi.ac.uk/gwas/studies/GCST009290
cause,BMI,body mass index,GCST009291,31575865,Helgeland Ø,2019,BMI at 6 months old,True,True,"8,017 Norwegian ancestry individuals | 4,516 Norwegian ancestry individuals",https://www.ebi.ac.uk/gwas/studies/GCST009291
cause,BMI,body mass index,GCST009293,31575865,Helgeland Ø,2019,BMI at 8 months old,True,True,"7,197 Norwegian ancestry individuals | 3,966 Norwegian ancestry individuals",https://www.ebi.ac.uk/gwas/studies/GCST009293
cause,BMI,body mass index,GCST009294,31575865,Helgeland Ø,2019,BMI at 1 year old,True,True,"6,970 Norwegian ancestry individuals | 3,839 Norwegian ancestry individuals",https://www.ebi.ac.uk/gwas/studies/GCST009294
cause,BMI,body mass index,GCST009299,31575865,Helgeland Ø,2019,BMI at 7 years old,True,True,"4,629 Norwegian ancestry individuals | 2,638 Norwegian ancestry individuals",https://www.ebi.ac.uk/gwas/studies/GCST009299
cause,BMI,body mass index,GCST009300,31575865,Helgeland Ø,2019,BMI at 8 years old,True,True,"3,862 Norwegian ancestry individuals | 2,087 Norwegian ancestry individuals",https://www.ebi.ac.uk/gwas/studies/GCST009300
cause,BMI,body mass index,GCST009871,31669095,Zhu Z,2019,Body mass index,False,True,"457,822 European ancestry individuals | NA",https://www.ebi.ac.uk/gwas/studies/GCST009871
cause,BMI,body mass index,GCST90002409,33045005,Vogelezang S,2020,Childhood body mass index,True,True,"39,620 European ancestry individuals | NA",https://www.ebi.ac.uk/gwas/studies/GCST90002409
cause,BMI,body mass index,GCST90094398,34210852,Akbari P,2021,Body mass index,False,True,"549,780 European ancestry individuals, 95,846 admixed American ancestry individuals | NA",https://www.ebi.ac.uk/gwas/studies/GCST90094398
cause,BMI,body mass index,GCST010992,32324875,Campbell PT,2020,Colorectal cancer x BMI interaction (2df),False,True,"14,059 European ancestry cases, 14,416 European ancestry controls | NA",https://www.ebi.ac.uk/gwas/studies/GCST010992
cause,BMI,body mass index,GCST011156,32700739,Salinas YD,2020,Body mass index,False,True,"305,945 British ancestry individuals | NA",https://www.ebi.ac.uk/gwas/studies/GCST011156
cause,BMI,body mass index,GCST002734,25551457,Baumert J,2014,"Fibrinogen levels (smoking status, alcohol consumption or body mass index interaction)",False,True,"up to 80,607 European ancestry individuals | NA",https://www.ebi.ac.uk/gwas/studies/GCST002734
cause,BMI,body mass index,GCST002021,23669352,Graff M,2013,Body mass index,False,True,"Up to 13,627 European ancestry individuals | Up to 16,253 European ancestry individuals",https://www.ebi.ac.uk/gwas/studies/GCST002021
cause,BMI,body mass index,GCST000185,18454148,Loos RJ,2008,Body mass index,False,True,"16,876 European ancestry adult individuals | 60,352 European ancestry adult individuals, 5,988 European ancestry children",https://www.ebi.ac.uk/gwas/studies/GCST000185
cause,BMI,body mass index,GCST000298,19079261,Willer CJ,2008,Body mass index,False,True,"32,387 European ancestry individuals | 59,082 European ancestry individuals",https://www.ebi.ac.uk/gwas/studies/GCST000298
cause,BMI,body mass index,GCST000830,20935630,Speliotes EK,2010,Body mass index,False,True,"Up to 123,865 European ancestry individuals | Up to 125,931 European ancestry individuals",https://www.ebi.ac.uk/gwas/studies/GCST000830
cause,BMI,body mass index,GCST001523,22589738,Fox CS,2012,Visceral adipose tissue adjusted for BMI,False,True,"5,560 European ancestry female individuals, 4,997 European ancestry male individuals | NA",https://www.ebi.ac.uk/gwas/studies/GCST001523
cause,BMI,body mass index,GCST001955,23563607,Berndt SI,2013,Body mass index,False,True,"7,962 European ancestry high body mass index individuals, 8,106 European ancestry low body mass index individuals | 4,900 European ancestry high body mass index",https://www.ebi.ac.uk/gwas/studies/GCST001955
cause,BMI,body mass index,GCST000022,17434869,Frayling TM,2007,Body mass index,False,True,"5,483 European ancestry type 2 diabetes cases, 5,174 European ancestry controls | 19,424 European ancestry adult individuals, 10,172 European ancestry children",https://www.ebi.ac.uk/gwas/studies/GCST000022
cause,BMI,body mass index,GCST000850,21037115,Wan ES,2010,Body mass in chronic obstructive pulmonary disease,False,True,"2,950 European ancestry cases | 502 European ancestry cases",https://www.ebi.ac.uk/gwas/studies/GCST000850
cause,BMI,body mass index,GCST001440,22417934,Athanasiu L,2012,Body mass index and cholesterol (psychopharmacological treatment),False,True,"283 European ancestry schizophrenia cases, 213 European ancestry bipolar disorder cases, 98 European ancestry psychosis cases | NA",https://www.ebi.ac.uk/gwas/studies/GCST001440
cause,BMI,body mass index,GCST001448,22446040,Wang KS,2012,Body mass index,False,True,"5,218 European ancestry individuals | 762 European ancestry individuals",https://www.ebi.ac.uk/gwas/studies/GCST001448
cause,BMI,body mass index,GCST000090,17903300,Fox CS,2007,Body mass index,False,True,"1,341 European ancestry individuals from 310 families | NA",https://www.ebi.ac.uk/gwas/studies/GCST000090
cause,BMI,body mass index,GCST001935,23517042,Melén E,2013,Body mass index in non-asthmatics,False,True,"6,025 European ancestry children, 567 children,  6,334 European ancestry adult individuals, 2,050 adult individuals | NA",https://www.ebi.ac.uk/gwas/studies/GCST001935
cause,BMI,body mass index,GCST001288,22013104,Melka MG,2011,Obesity-related traits,False,True,598 French Canadian founder adolescent individuals | NA,https://www.ebi.ac.uk/gwas/studies/GCST001288
cause,BMI,body mass index,GCST002306,24322204,Winham SJ,2013,Bipolar disorder (body mass index interaction),False,True,"388 European ancestry cases, 1,020 European ancestry controls | NA",https://www.ebi.ac.uk/gwas/studies/GCST002306
cause,BMI,body mass index,GCST002301,24348519,Namjou B,2013,Body mass index,False,True,"up to 2,860 European ancestry children | NA",https://www.ebi.ac.uk/gwas/studies/GCST002301
cause,BMI,body mass index,GCST000512,19851299,Johansson A,2009,Body mass index,False,True,"1,079 South Tyrolean individuals, 790 Dutch founder individuals, 2,060 European ancestry individuals | NA",https://www.ebi.ac.uk/gwas/studies/GCST000512
cause,BMI,body mass index,GCST000642,20397748,Liu JZ,2010,Body mass index,False,True,"11,536 European ancestry individuals | NA",https://www.ebi.ac.uk/gwas/studies/GCST000642
cause,BMI,body mass index,GCST000929,21253498,Benjamin AM,2010,Body mass index,False,True,"9,091 European ancestry individuals | 2,872 European ancestry individuals",https://www.ebi.ac.uk/gwas/studies/GCST000929
cause,BMI,body mass index,GCST002827,25811787,Huffman JE,2015,Urate levels (BMI interaction),False,True,"28,610 European ancestry individuals | 13,959 European ancestry individuals",https://www.ebi.ac.uk/gwas/studies/GCST002827
cause,BMI,body mass index,GCST002826,25811787,Huffman JE,2015,Urate levels (BMI interaction),False,True,"up to 15,007 European ancestry male individuals, up to 16,943 European ancestry female individuals | NA",https://www.ebi.ac.uk/gwas/studies/GCST002826
cause,BMI,body mass index,GCST002894,25953783,Warrington NM,2015,Body mass index,False,True,"9,377 children and adolescents | 3,918 European ancestry children and adolescents",https://www.ebi.ac.uk/gwas/studies/GCST002894
cause,BMI,body mass index,GCST003177,26604143,Felix JF,2015,Childhood body mass index,False,True,"34,744 European ancestry children | 11,313 European ancestry children",https://www.ebi.ac.uk/gwas/studies/GCST003177
cause,BMI,body mass index,GCST005950,26426971,Winkler TW,2015,Body mass index x sex x age interaction (4df test),False,True,"up to 51,625 European ancestry men aged <50, up to 60,654 European ancestry women aged <50, up to 90,988 European ancestry men aged >50, up to 106,622 European ",https://www.ebi.ac.uk/gwas/studies/GCST005950
cause,BMI,body mass index,GCST005949,26426971,Winkler TW,2015,Body mass index x sex interaction,False,True,"up to 142,613 European ancestry men, up to 167,276 European ancestry women | NA",https://www.ebi.ac.uk/gwas/studies/GCST005949
cause,BMI,body mass index,GCST005952,26426971,Winkler TW,2015,Body mass index (age>50),True,True,"up to 90,988 European ancestry men, up to 106,622 European ancestry women | NA",https://www.ebi.ac.uk/gwas/studies/GCST005952
cause,BMI,body mass index,GCST005953,26426971,Winkler TW,2015,Body mass index (age <50),True,True,"up to 51,625 European ancestry men, up to 60,654 European ancestry women
 | NA",https://www.ebi.ac.uk/gwas/studies/GCST005953
cause,BMI,body mass index,GCST005954,26426971,Winkler TW,2015,Body mass index x age interaction,False,True,"up to 112,279 European ancestry individuals aged <50, up to 197,610 European ancestry individuals aged >50 | NA",https://www.ebi.ac.uk/gwas/studies/GCST005954
cause,BMI,body mass index,GCST005955,26426971,Winkler TW,2015,Body mass index x sex x age interaction,False,True,"up to 51,625 European ancestry men aged <50, up to 60,654 European ancestry women aged <50, up to 90,988 European ancestry men aged >50, up to 106,622 European ",https://www.ebi.ac.uk/gwas/studies/GCST005955
cause,BMI,body mass index,GCST004045,27790247,He L,2016,"Age-related diseases, mortality and associated endophenotypes",False,True,"9,618 European ancestry individuals | 19,796 European ancestry individuals",https://www.ebi.ac.uk/gwas/studies/GCST004045
cause,BMI,body mass index,GCST004046,27790247,He L,2016,Age-related disease endophenotypes,False,True,"9,618 European ancestry individuals | 19,796 European ancestry individuals",https://www.ebi.ac.uk/gwas/studies/GCST004046
cause,BMI,body mass index,GCST008158,28552196,Tachmazidou I,2017,Body mass index,False,True,"1,249 whole genome sequenced European ancestry individuals, 3,538 whole genome sequenced individuals, 46,635 European ancestry individuals, 472 Carlantino (foun",https://www.ebi.ac.uk/gwas/studies/GCST008158
cause,BMI,body mass index,GCST003659,27416945,Walford GA,2016,Modified Stumvoll Insulin Sensitivity Index (BMI interaction),True,True," 16,753 European ancestry individuals | 13,354 European ancestry individuals",https://www.ebi.ac.uk/gwas/studies/GCST003659
cause,BMI,body mass index,GCST001527,22581228,Manning AK,2012,Fasting blood glucose (BMI interaction),True,True,"Up to 58,074 European ancestry individuals | Up tp 38,422 European ancestry individuals",https://www.ebi.ac.uk/gwas/studies/GCST001527
cause,BMI,body mass index,GCST003658,27416945,Walford GA,2016,Modified Stumvoll Insulin Sensitivity Index (model adjusted for BMI),True,True," 16,753 European ancestry individuals | 13,354 European ancestry individuals",https://www.ebi.ac.uk/gwas/studies/GCST003658
cause,BMI,body mass index,GCST001526,22581228,Manning AK,2012,Fasting blood insulin (BMI interaction),True,True,"Up to 51,750 European ancestry individuals | Up to 33,823 European ancestry individuals",https://www.ebi.ac.uk/gwas/studies/GCST001526
cause,BMI,body mass index,GCST004208,28270201,Nagy R,2017,Body mass index,False,True,"19,900 British ancestry individuals from 6863 families. | NA",https://www.ebi.ac.uk/gwas/studies/GCST004208
cause,BMI,body mass index,GCST001409,22333899,Wei WH,2012,Body mass index (SNP x SNP interaction),False,True,"3,653 European ancestry individuals | 5,071 European ancestry individuals",https://www.ebi.ac.uk/gwas/studies/GCST001409
cause,BMI,body mass index,GCST000930,21253498,Benjamin AM,2010,Body mass index (sex interaction),False,True,"9,091 European ancestry individuals | 2,872 European ancestry individuals",https://www.ebi.ac.uk/gwas/studies/GCST000930
cause,BMI,body mass index,GCST005951,26426971,Winkler TW,2015,Body mass index,False,True,"up to 309,889 European ancestry individuals | NA",https://www.ebi.ac.uk/gwas/studies/GCST005951
cause,BMI,body mass index,GCST005769,29615537,Kulminski AM,2018,Body mass index,False,True,"up to 33,431 European ancestry individuals | NA",https://www.ebi.ac.uk/gwas/studies/GCST005769
cause,BMI,body mass index,GCST006529,29551738,Dong J,2018,Barrett's esophagus x BMI interaction,False,True,"3,104 European ancestry cases, 2,182 European ancestry controls | NA",https://www.ebi.ac.uk/gwas/studies/GCST006529
cause,BMI,body mass index,GCST006525,29551738,Dong J,2018,Esophageal adenocarcinoma x BMI interaction,False,True,"2,284 European ancestry cases, 2,182 European ancestry controls | NA",https://www.ebi.ac.uk/gwas/studies/GCST006525
cause,BMI,body mass index,GCST007242,30677029,Riveros-McKay F,2019,Normal body mass index vs. thin,True,True,"1,471 European ancestry thin adults, 6,460 European ancestry control adults | 3,532 British ancestry thin individuals, up to 20,720 British ancestry controls",https://www.ebi.ac.uk/gwas/studies/GCST007242
cause,BMI,body mass index,GCST006900,30124842,Yengo L,2018,Body mass index,True,True,"456,426 European ancestry individuals, 224,849 individuals | NA",https://www.ebi.ac.uk/gwas/studies/GCST006900
cause,BMI,body mass index,GCST007762,30327367,Jung SY,2018,Hyperinsulinemia x BMI interaction,False,True,"8,363 European ancestry non-obese women, 3,431 European ancestry obese women | NA",https://www.ebi.ac.uk/gwas/studies/GCST007762
cause,BMI,body mass index,GCST007757,30327367,Jung SY,2018,Hyperglycemia x BMI interaction,False,True,"8,363 European ancestry non-obese women, 3,431 European ancestry obese women | NA",https://www.ebi.ac.uk/gwas/studies/GCST007757
cause,BMI,body mass index,GCST009121,31453325,Wang H,2019,Body mass index,False,True,"346,393 European ancestry individuals | NA",https://www.ebi.ac.uk/gwas/studies/GCST009121
cause,BMI,body mass index,GCST006173,28941034,Smith CE,2017,BMI x dairy intake interaction (1df interaction test),False,True,"up to 25,513 European ancestry individuals | up to 17,675 European ancestry individuals",https://www.ebi.ac.uk/gwas/studies/GCST006173
cause,BMI,body mass index,GCST007039,30595370,Kichaev G,2018,Body mass index,False,True,"approximately 458,000 European ancestry individuals | NA",https://www.ebi.ac.uk/gwas/studies/GCST007039
cause,BMI,body mass index,GCST001676,22982992,Yang J,2012,Body mass index,True,True,"133,154 European ancestry individuals | 59,325 European ancestry individuals",https://www.ebi.ac.uk/gwas/studies/GCST001676
cause,BMI,body mass index,GCST008773,30858448,Tekola-Ayele F,2019,Birth weight or body mass index (pleiotropy),False,True,"153,781 European and unknown ancestry individuals with birth weight measurements, 339,224 European and unknown ancestry individuals with body mass index measure",https://www.ebi.ac.uk/gwas/studies/GCST008773
cause,BMI,body mass index,GCST007763,30327367,Jung SY,2018,Homeostasis model assessment of insulin resistance x BMI interaction,False,True,"8,363 European ancestry non-obese women, 3,431 European ancestry obese women | NA",https://www.ebi.ac.uk/gwas/studies/GCST007763
cause,BMI,body mass index,GCST009003,30239722,Pulit SL,2018,Body mass index,True,True,"434,794 European ancestry female individuals | NA",https://www.ebi.ac.uk/gwas/studies/GCST009003
cause,BMI,body mass index,GCST009001,30239722,Pulit SL,2018,Body mass index,True,True,"374,756 European ancestry male individuals | NA",https://www.ebi.ac.uk/gwas/studies/GCST009001
cause,BMI,body mass index,GCST006802,26961502,Wood AR,2016,Body mass index,True,True,"29,925 British ancestry cases, 89,763 British ancestry controls | NA",https://www.ebi.ac.uk/gwas/studies/GCST006802
cause,BMI,body mass index,GCST90131479,35592775,Wang Z,2022,Body mass index,False,True,"451,145 European ancestry individuals | NA",https://www.ebi.ac.uk/gwas/studies/GCST90131479
cause,BMI,body mass index,GCST90131482,35592775,Wang Z,2022,Body mass index,False,True,"184,385 European ancestry individuals | NA",https://www.ebi.ac.uk/gwas/studies/GCST90131482
cause,BMI,body mass index,GCST90399839,38352709,Chen Y,2024,COVID-19 infection or BMI (pleiotropy),False,True,"387,649 European ancestry individuals with BMI measurements, 122,616 European ancestry COVID-19 cases, 2,475,240 controls | NA",https://www.ebi.ac.uk/gwas/studies/GCST90399839
cause,BMI,body mass index,GCST90399840,38352709,Chen Y,2024,Critical COVID-19 or BMI (pleiotropy),False,True,"387,649 European ancestry individuals with BMI measurements, 13,769 European ancestry critical COVID-19 cases, 1,072,442 controls | NA",https://www.ebi.ac.uk/gwas/studies/GCST90399840
cause,BMI,body mass index,GCST90399841,38352709,Chen Y,2024,Hospitalized COVID-19 or BMI (pleiotropy),False,True,"387,649 European ancestry individuals with BMI measurements, 32,519 European ancestry hospitalized COVID-19 cases, 2,062,805 controls | NA",https://www.ebi.ac.uk/gwas/studies/GCST90399841
cause,BMI,body mass index,GCST90428119,38538606,Harris BHL,2024,Body mass index,True,True,"342,566 European ancestry individuals | NA",https://www.ebi.ac.uk/gwas/studies/GCST90428119
cause,BMI,body mass index,GCST90446645,39375568,Sidorenko J,2024,Body mass index,True,True,"650,000 European ancestry individuals | NA",https://www.ebi.ac.uk/gwas/studies/GCST90446645
cause,BMI,body mass index,GCST90446437,39180217,Chen Y,2024,BMI (AlphaMissense) (Gene-based burden),True,True,"441,712 European ancestry individuals | NA",https://www.ebi.ac.uk/gwas/studies/GCST90446437
cause,BMI,body mass index,GCST90446438,39180217,Chen Y,2024,BMI (Gene-based burden),True,True,"441,712 European ancestry individuals | NA",https://www.ebi.ac.uk/gwas/studies/GCST90446438
cause,BMI,body mass index,GCST90013870,34017140,Mbatchou J,2021,Body mass index (UKB data field 21001),True,True,"407,609 British ancestry individuals | NA",https://www.ebi.ac.uk/gwas/studies/GCST90013870
cause,BMI,body mass index,GCST90013974,34017140,Mbatchou J,2021,Body mass index (UKB data field 21001),True,True,"407,609 British ancestry individuals | NA",https://www.ebi.ac.uk/gwas/studies/GCST90013974
cause,BMI,body mass index,GCST90027397,35240056,Auwerx C,2022,Body mass index (UKB data field 21001) (CNV deletion-only model),True,True,"330,497 white British ancestry individuals | NA",https://www.ebi.ac.uk/gwas/studies/GCST90027397
cause,BMI,body mass index,GCST90102533,35045726,Richardson TG,2022,Body mass index,False,True,"461,460 European ancestry individuals | NA",https://www.ebi.ac.uk/gwas/studies/GCST90102533
cause,BMI,body mass index,GCST90027283,35240056,Auwerx C,2022,Body mass index (UKB data field 21001) (CNV mirror model),True,True,"330,497 white British ancestry individuals | NA",https://www.ebi.ac.uk/gwas/studies/GCST90027283
cause,BMI,body mass index,GCST90027340,35240056,Auwerx C,2022,Body mass index (UKB data field 21001) (CNV duplication-only model),True,True,"330,497 white British ancestry individuals | NA",https://www.ebi.ac.uk/gwas/studies/GCST90027340
cause,BMI,body mass index,GCST90429765,38987242,Venkatesh SS,2024,Body mass index,True,True,"87,908 White British ancestry individuals | 122,371 European ancestry individuals",https://www.ebi.ac.uk/gwas/studies/GCST90429765
cause,BMI,body mass index,GCST90429770,38987242,Venkatesh SS,2024,Body mass index,True,True,"73,656 White British ancestry individuals | 457,632 European ancestry individuals",https://www.ebi.ac.uk/gwas/studies/GCST90429770
cause,BMI,body mass index,GCST90429775,38987242,Venkatesh SS,2024,Body mass index,True,True,"161,564 White British ancestry individuals | 579,918 European ancestry individuals",https://www.ebi.ac.uk/gwas/studies/GCST90429775
cause,BMI,body mass index,GCST012321,33824429,Fjukstad KK,2021,BMI x SSRI levels (escitalopram or citalopram) interaction in schizophrenia or bipolar disorder,False,True,181 European ancestry individuals | NA,https://www.ebi.ac.uk/gwas/studies/GCST012321
cause,BMI,body mass index,GCST012326,33824429,Fjukstad KK,2021,BMI x SSRI defined daily dose interaction in schizophrenia or bipolar disorder,False,True,"1,180 European ancestry individuals | NA",https://www.ebi.ac.uk/gwas/studies/GCST012326
cause,BMI,body mass index,GCST012331,33824429,Fjukstad KK,2021,BMI x SSRI levels interaction in schizophrenia or bipolar disorder,False,True,"1,180 European ancestry individuals | NA",https://www.ebi.ac.uk/gwas/studies/GCST012331
cause,BMI,body mass index,GCST90029007,29892013,Loh PR,2018,Body mass index,True,True,"532,396 European ancestry individuals | NA",https://www.ebi.ac.uk/gwas/studies/GCST90029007
cause,BMI,body mass index,GCST90025868,34184762,Gao C,2021,Alanine aminotransferase levels x BMI interaction,False,True,"388,865 European ancestry individuals | NA",https://www.ebi.ac.uk/gwas/studies/GCST90025868
cause,BMI,body mass index,GCST90025869,34184762,Gao C,2021,Aspartate aminotransferase levels x BMI interaction,False,True,"388,865 European ancestry individuals | NA",https://www.ebi.ac.uk/gwas/studies/GCST90025869
cause,BMI,body mass index,GCST012027,33048379,Richard MA,2020,BMI in adult survivors of childhood acute lymphoblastic leukemia treated with cranial radiation,False,True,962 European ancestry individuals | 260 individuals,https://www.ebi.ac.uk/gwas/studies/GCST012027
cause,BMI,body mass index,GCST012028,33048379,Richard MA,2020,BMI in adult survivors of childhood acute lymphoblastic leukemia,False,True,"1,458 European ancestry individuals | 787 individuals",https://www.ebi.ac.uk/gwas/studies/GCST012028
cause,BMI,body mass index,GCST012026,33048379,Richard MA,2020,BMI in adult survivors of childhood acute lymphoblastic leukemia not treated with cranial radiation,False,True,496 European ancestry individuals | 527 individuals,https://www.ebi.ac.uk/gwas/studies/GCST012026
cause,BMI,body mass index,GCST90025994,34226706,Barton AR,2021,Body mass index,True,True,"457,756 European ancestry individuals | NA",https://www.ebi.ac.uk/gwas/studies/GCST90025994
cause,BMI,body mass index,GCST90104629,35315439,Helgeland Ø,2022,BMI at birth,False,True,"28,681 European ancestry individuals | NA",https://www.ebi.ac.uk/gwas/studies/GCST90104629
cause,BMI,body mass index,GCST90104630,35315439,Helgeland Ø,2022,BMI at 6 weeks old,False,True,"18,333 European ancestry individuals | NA",https://www.ebi.ac.uk/gwas/studies/GCST90104630
cause,BMI,body mass index,GCST90104631,35315439,Helgeland Ø,2022,BMI at 3 months old,False,True,"14,064 European ancestry individuals | NA",https://www.ebi.ac.uk/gwas/studies/GCST90104631
cause,BMI,body mass index,GCST90104632,35315439,Helgeland Ø,2022,BMI at 6 months old,False,True,"11,095 European ancestry individuals | NA",https://www.ebi.ac.uk/gwas/studies/GCST90104632
cause,BMI,body mass index,GCST90104633,35315439,Helgeland Ø,2022,BMI at 8 months old,False,True,"24,302 European ancestry individuals | NA",https://www.ebi.ac.uk/gwas/studies/GCST90104633
cause,BMI,body mass index,GCST90104634,35315439,Helgeland Ø,2022,BMI at 1 year old,False,True,"24,551 European ancestry individuals | NA",https://www.ebi.ac.uk/gwas/studies/GCST90104634
cause,BMI,body mass index,GCST90104635,35315439,Helgeland Ø,2022,BMI at 1.5 years old,False,True,"21,871 European ancestry individuals | NA",https://www.ebi.ac.uk/gwas/studies/GCST90104635
cause,BMI,body mass index,GCST90104636,35315439,Helgeland Ø,2022,BMI at 2 years old,False,True,"21,831 European ancestry individuals | NA",https://www.ebi.ac.uk/gwas/studies/GCST90104636
cause,BMI,body mass index,GCST90104637,35315439,Helgeland Ø,2022,BMI at 3 years old,False,True,"21,514 European ancestry individuals | NA",https://www.ebi.ac.uk/gwas/studies/GCST90104637
cause,BMI,body mass index,GCST90104638,35315439,Helgeland Ø,2022,BMI at 5 years old,False,True,"16,902 European ancestry individuals | NA",https://www.ebi.ac.uk/gwas/studies/GCST90104638
cause,BMI,body mass index,GCST90104639,35315439,Helgeland Ø,2022,BMI at 7 years old,False,True,"17,212 European ancestry individuals | NA",https://www.ebi.ac.uk/gwas/studies/GCST90104639
cause,BMI,body mass index,GCST90104640,35315439,Helgeland Ø,2022,BMI at 8 years old,False,True,"14,280 European ancestry individuals | NA",https://www.ebi.ac.uk/gwas/studies/GCST90104640
cause,BMI,body mass index,GCST90321110,37559094,Middha P,2023,Breast cancer x postmenopausal BMI interaction,False,True,"72,285 European ancestry cases, 80,354 European ancestry controls | NA",https://www.ebi.ac.uk/gwas/studies/GCST90321110
cause,BMI,body mass index,GCST90321117,37559094,Middha P,2023,ER positive breast cancer x postmenopausal BMI interaction,False,True,"50,215 European ancestry cases, 80,354 European ancestry controls | NA",https://www.ebi.ac.uk/gwas/studies/GCST90321117
cause,BMI,body mass index,GCST90429062,38918595,Pastika L,2024,Delta body mass index (difference between ECG-predicted and measured),True,True,"27,988 European ancestry individuals | NA",https://www.ebi.ac.uk/gwas/studies/GCST90429062
cause,BMI,body mass index,GCST90309342,38965376,Carey CE,2024,BMI and adiposity (confirmatory factor analysis Factor 7),True,True,"338,590 European ancestry individuals | NA",https://www.ebi.ac.uk/gwas/studies/GCST90309342
cause,BMI,body mass index,GCST90244560,36276968,Chung JY,2022,Body mass index (aged 40-50 years),False,True,"88,977 European ancestry individuals | NA",https://www.ebi.ac.uk/gwas/studies/GCST90244560
cause,BMI,body mass index,GCST90244565,36276968,Chung JY,2022,Body mass index (aged 64-69 years),False,True,"85,009 European ancestry individuals | NA",https://www.ebi.ac.uk/gwas/studies/GCST90244565
cause,BMI,body mass index,GCST90020170,34226488,Torgersen K,2021,Neuroticism and body mass index,False,True,"771,333 European ancestry individuals | NA",https://www.ebi.ac.uk/gwas/studies/GCST90020170
cause,BMI,body mass index,GCST90271767,36889626,Zhang L,2023,Body mass index or osteoarthritis (pleiotropy),False,True,"806,834 European ancestry BMI individuals, 177,517 European ancestry osteoarthritis cases, 649,173 European ancestry controls | NA",https://www.ebi.ac.uk/gwas/studies/GCST90271767
cause,BMI,body mass index,GCST90271768,36889626,Zhang L,2023,Body mass index or osteoarthritis (pleiotropy),False,True,"374,756 European ancestry BMI males, 56,462  European ancestry osteoarthritis male cases, 153,808 European ancestry male controls | NA",https://www.ebi.ac.uk/gwas/studies/GCST90271768
cause,BMI,body mass index,GCST90271769,36889626,Zhang L,2023,Body mass index or osteoarthritis (pleiotropy),False,True,"434,794 European ancestry BMI females, 90,838  European ancestry osteoarthritis female cases, 192,697 European ancestry female controls | NA",https://www.ebi.ac.uk/gwas/studies/GCST90271769
cause,BMI,body mass index,GCST90271770,36889626,Zhang L,2023,Body mass index or knee osteoarthritis (pleiotropy),False,True,"806,834 European ancestry BMI individuals, 62,497 European ancestry knee osteoarthritis cases, 333,557 European ancestry controls | NA",https://www.ebi.ac.uk/gwas/studies/GCST90271770
cause,BMI,body mass index,GCST90271771,36889626,Zhang L,2023,Body mass index or hip osteoarthritis (pleiotropy),False,True,"806,834 European ancestry BMI individuals, 36,445 European ancestry hip osteoarthritis cases, 316,943 European ancestry controls | NA",https://www.ebi.ac.uk/gwas/studies/GCST90271771
cause,BMI,body mass index,GCST90271772,36889626,Zhang L,2023,Body mass index or spine osteoarthritis (pleiotropy),False,True,"806,834 European ancestry BMI individuals, 28,372 European ancestry spine osteoarthritis cases, 305,578 European ancestry controls | NA",https://www.ebi.ac.uk/gwas/studies/GCST90271772
cause,BMI,body mass index,GCST90267268,37106081,Schoeler T,2023,BMI (standard GWA),True,True,"283,749 European ancestry individuals | NA",https://www.ebi.ac.uk/gwas/studies/GCST90267268
cause,BMI,body mass index,GCST90267269,37106081,Schoeler T,2023,BMI (weighted GWA),True,True,"102,215 European ancestry individuals | NA",https://www.ebi.ac.uk/gwas/studies/GCST90267269
cause,BMI,body mass index,GCST90301649,37280435,Hawkes G,2023,Childhood body mass index,False,True,"441,761 European ancestry individuals | NA",https://www.ebi.ac.uk/gwas/studies/GCST90301649
cause,BMI,body mass index,GCST90301650,37280435,Hawkes G,2023,Body mass index,False,True,"441,761 European ancestry individuals | NA",https://www.ebi.ac.uk/gwas/studies/GCST90301650
cause,BMI,body mass index,GCST90244063,35793639,Lee WJ,2022,BMI in non-smokers,False,True,"465,428 European ancestry individuals | NA",https://www.ebi.ac.uk/gwas/studies/GCST90244063
cause,BMI,body mass index,GCST90244064,35793639,Lee WJ,2022,Body mass index,False,True,"545,131 European ancestry individuals | NA",https://www.ebi.ac.uk/gwas/studies/GCST90244064
cause,BMI,body mass index,GCST90244062,35793639,Lee WJ,2022,BMI in smokers,False,True,"79,703 European ancestry individuals | NA",https://www.ebi.ac.uk/gwas/studies/GCST90244062
cause,BMI,body mass index,GCST90078684,34662886,Backman JD,2021,Body mass index (UKB data field 21001),True,True,"429,633 European ancestry individuals | 121,642 European ancestry individuals",https://www.ebi.ac.uk/gwas/studies/GCST90078684
cause,BMI,body mass index,GCST90179150,36376304,Koskeridis F,2022,Body mass index (MTAG),True,True,"694,649 European ancestry individuals | NA",https://www.ebi.ac.uk/gwas/studies/GCST90179150
cause,BMI,body mass index,GCST90255621,36581621,Huang J,2022,Body mass index,False,True,"1,122,049 European ancestry individuals | NA",https://www.ebi.ac.uk/gwas/studies/GCST90255621
cause,BMI,body mass index,GCST90225559,36217425,Lin Z,2022,Body mass index,False,True,"91,337 European ancestry individuals | NA",https://www.ebi.ac.uk/gwas/studies/GCST90225559
cause,BMI,body mass index,GCST90133115,35534559,Howe LJ,2022,Body mass index (population-based),False,True,"upto 71,108 European ancestry sibship | NA",https://www.ebi.ac.uk/gwas/studies/GCST90133115
cause,BMI,body mass index,GCST90133139,35534559,Howe LJ,2022,Body mass index (within-sibship),False,True,"upto 71,108 European ancestry sibship | NA",https://www.ebi.ac.uk/gwas/studies/GCST90133139
cause,BMI,body mass index,GCST90026536,34275906,Heilbron K,2021,Body mass index,False,True,"2,433,011 European ancestry individuals | NA",https://www.ebi.ac.uk/gwas/studies/GCST90026536
cause,BMI,body mass index,GCST90475153,39024449,Verma A,2024,"Body mass index (BMI, maximum, inv-normal transformed)",True,True,"424,231 European ancestry individuals | NA",https://www.ebi.ac.uk/gwas/studies/GCST90475153
cause,BMI,body mass index,GCST90475156,39024449,Verma A,2024,"Body mass index (BMI, mean, inv-normal transformed)",True,True,"424,221 European ancestry individuals | NA",https://www.ebi.ac.uk/gwas/studies/GCST90475156
cause,BMI,body mass index,GCST90475159,39024449,Verma A,2024,"Body mass index (BMI, minimum, inv-normal transformed)",True,True,"424,217 European ancestry individuals | NA",https://www.ebi.ac.uk/gwas/studies/GCST90475159
cause,BMI,body mass index,GCST90310150,39901012,Hu S,2025,Body mass index (UKB data field 21001),True,True,"342,893 British ancestry individuals | NA",https://www.ebi.ac.uk/gwas/studies/GCST90310150
cause,BMI,body mass index,GCST90309828,38351177,Jung H,2024,Body mass index (UKB data field 21001),True,True,"174,488 European ancestry individuals | NA",https://www.ebi.ac.uk/gwas/studies/GCST90309828
cause,BMI,body mass index,GCST90309835,38351177,Jung H,2024,Body mass index (UKB data field 23104),True,True,"174,488 European ancestry individuals | NA",https://www.ebi.ac.uk/gwas/studies/GCST90309835
cause,BMI,body mass index,GCST90435413,39134668,Shi S,2024,Body mass index,True,True,"403,610 European ancestry individuals | NA",https://www.ebi.ac.uk/gwas/studies/GCST90435413
cause,BMI,body mass index,GCST90448209,38004209,D'Urso S,2023,BMI x meat diet interaction,False,True,"382,375 European ancestry individuals | NA",https://www.ebi.ac.uk/gwas/studies/GCST90448209
cause,BMI,body mass index,GCST90832953,41896352,Kim HI,2026,Body mass index,False,True,"32,284 British Bangladeshi or British Pakistani individuals, 408,184 European ancestry individuals | NA",https://www.ebi.ac.uk/gwas/studies/GCST90832953
cause,BMI,body mass index,GCST90078907,34662886,Backman JD,2021,Body mass index (UKB data field 23104),True,True,"423,694 European ancestry individuals | NA",https://www.ebi.ac.uk/gwas/studies/GCST90078907
cause,BMI,body mass index,GCST90502912,40216759,Zhang X,2025,Body mass index,True,True,"43,434 European ancestry individuals | NA",https://www.ebi.ac.uk/gwas/studies/GCST90502912
cause,BMI,body mass index,GCST90468161,39789286,Loya H,2025,Body mass index (UKB data field 21001),True,True,"394,642 European ancestry individuals | NA",https://www.ebi.ac.uk/gwas/studies/GCST90468161
cause,BMI,body mass index,GCST90302889,37377600,DeWan AT,2023,Body mass index,True,True,"365,498 British ancestry individuals | 43,966 European ancestry individuals",https://www.ebi.ac.uk/gwas/studies/GCST90302889
cause,BMI,body mass index,GCST90624797,40571323,Strausz S,2025,Sleep apnea with BMI < 30,True,True,"20,413 Finnish ancestry cases, 443,463 Finnish ancestry controls | NA",https://www.ebi.ac.uk/gwas/studies/GCST90624797
cause,BMI,body mass index,GCST90624699,41062462,Abner E,2025,Body mass index (rank-based inverse normal transformation),True,True,"204,747 European ancestry individuals | NA",https://www.ebi.ac.uk/gwas/studies/GCST90624699
cause,BMI,body mass index,GCST90624700,41062462,Abner E,2025,Body mass index,True,True,"204,747 European ancestry individuals | NA",https://www.ebi.ac.uk/gwas/studies/GCST90624700
cause,BMI,body mass index,GCST90624704,41062462,Abner E,2025,Body mass index,True,True,"128,703 European ancestry females | NA",https://www.ebi.ac.uk/gwas/studies/GCST90624704
cause,BMI,body mass index,GCST90624705,41062462,Abner E,2025,Body mass index,True,True,"67,832 European ancestry males | NA",https://www.ebi.ac.uk/gwas/studies/GCST90624705
cause,BMI,body mass index,GCST90693318,40874817,Wang S,2025,Body mass index or colorectal cancer (pleiotropy),False,True,"833,388 European ancestry individuals | NA",https://www.ebi.ac.uk/gwas/studies/GCST90693318
cause,BMI,body mass index,GCST90693319,40874817,Wang S,2025,Body mass index or esophageal adenocarcinoma (pleiotropy),False,True,"828,105 European ancestry individuals | NA",https://www.ebi.ac.uk/gwas/studies/GCST90693319
cause,BMI,body mass index,GCST90693320,40874817,Wang S,2025,Body mass index or breast cancer (pleiotropy),False,True,"681,967 European ancestry females | NA",https://www.ebi.ac.uk/gwas/studies/GCST90693320
cause,BMI,body mass index,GCST90693321,40874817,Wang S,2025,Body mass index or endometrial cancer (pleiotropy),False,True,"556,679 European ancestry females | NA",https://www.ebi.ac.uk/gwas/studies/GCST90693321
cause,BMI,body mass index,GCST90693322,40874817,Wang S,2025,Body mass index or ovarian cancer (pleiotropy),False,True,"501,244 European ancestry females | NA",https://www.ebi.ac.uk/gwas/studies/GCST90693322
cause,BMI,body mass index,GCST90105042,35432474,Baek EJ,2022,Asthma x body mass index interaction,False,True,"20,659 European ancestry cases, 209,947 European ancestry controls | NA",https://www.ebi.ac.uk/gwas/studies/GCST90105042
cause,BMI,body mass index,GCST90691769,40968291,Karczewski KJ,2025,Body mass index (BMI) (UKB data field 21001),True,True,"419,163 European ancestry individuals | NA",https://www.ebi.ac.uk/gwas/studies/GCST90691769
cause,BMI,body mass index,GCST90691782,40968291,Karczewski KJ,2025,Body mass index (BMI) (UKB data field 23104),True,True,"413,186 European ancestry individuals | NA",https://www.ebi.ac.uk/gwas/studies/GCST90691782
cause,BMI,body mass index,GCST90295995,35180297,Feitosa MF,2022,BMI,False,True,"3,858 European ancestry individuals | NA",https://www.ebi.ac.uk/gwas/studies/GCST90295995
cause,BMI,body mass index,GCST90296003,35180297,Feitosa MF,2022,Forced expiratory volume and BMI (pleiotropy),False,True,"7,746 European ancestry individuals | NA",https://www.ebi.ac.uk/gwas/studies/GCST90296003
cause,BMI,body mass index,GCST90296004,35180297,Feitosa MF,2022,Forced vital capacity and BMI (pleiotropy),False,True,"7,746 European ancestry individuals | NA",https://www.ebi.ac.uk/gwas/studies/GCST90296004
cause,BMI,body mass index,GCST90296013,35180297,Feitosa MF,2022,BMI,False,True,"1,734 European ancestry males | NA",https://www.ebi.ac.uk/gwas/studies/GCST90296013
cause,BMI,body mass index,GCST90296021,35180297,Feitosa MF,2022,Forced expiratory volume and BMI (pleiotropy),False,True,"3,478 European ancestry males | NA",https://www.ebi.ac.uk/gwas/studies/GCST90296021
cause,BMI,body mass index,GCST90296022,35180297,Feitosa MF,2022,Forced vital capacity and BMI (pleiotropy),False,True,"3,478 European ancestry males | NA",https://www.ebi.ac.uk/gwas/studies/GCST90296022
cause,BMI,body mass index,GCST90296031,35180297,Feitosa MF,2022,BMI,False,True,"2,124 European ancestry females | NA",https://www.ebi.ac.uk/gwas/studies/GCST90296031
cause,BMI,body mass index,GCST90296039,35180297,Feitosa MF,2022,Forced expiratory volume and BMI (pleiotropy),False,True,"4,268 European ancestry females | NA",https://www.ebi.ac.uk/gwas/studies/GCST90296039
cause,BMI,body mass index,GCST90296040,35180297,Feitosa MF,2022,Forced vital capacity and BMI (pleiotropy),False,True,"4,268 European ancestry females | NA",https://www.ebi.ac.uk/gwas/studies/GCST90296040
cause,BMI,body mass index,GCST90474604,40770095,UK Biobank Whole-Genome Sequencing Consortium,2025,Body mass index (BMI) (UKB data field 21001),True,True,"2,852 Ashkenazi Jewish individuals | NA",https://www.ebi.ac.uk/gwas/studies/GCST90474604
cause,BMI,body mass index,GCST90474606,40770095,UK Biobank Whole-Genome Sequencing Consortium,2025,Body mass index (BMI) (UKB data field 21001),True,True,"456,892 Non-Finnish European ancestry individuals | NA",https://www.ebi.ac.uk/gwas/studies/GCST90474606
cause,BMI,body mass index,GCST90474624,40770095,UK Biobank Whole-Genome Sequencing Consortium,2025,Body mass index (BMI) (UKB data field 23104),True,True,"2,823 Ashkenazi Jewish individuals | NA",https://www.ebi.ac.uk/gwas/studies/GCST90474624
cause,BMI,body mass index,GCST90474626,40770095,UK Biobank Whole-Genome Sequencing Consortium,2025,Body mass index (BMI) (UKB data field 23104),True,True,"450,393 Non-Finnish European ancestry individuals | NA",https://www.ebi.ac.uk/gwas/studies/GCST90474626
cause,BMI,body mass index,GCST90103989,35186008,Bellomo TR,2022,Peripheral artery disease or coronary artery disease or BMI (pleiotropy),False,True,"24,009 European ancestry peripherial artery disease cases, 122,733 European ancestry coronary artery disease cases,  575,511 European ancestry controls, 806, 83",https://www.ebi.ac.uk/gwas/studies/GCST90103989
cause,BMI,body mass index,GCST90103996,35186008,Bellomo TR,2022,Peripheral artery disease or BMI (pleiotropy),False,True,"24,009 European ancestry peripherial artery disease cases, 150,983 European ancestry controls, 806,834  European ancestry individuals | NA",https://www.ebi.ac.uk/gwas/studies/GCST90103996
cause,BMI,body mass index,GCST90727305,41896352,Kim HI,2026,Body mass index,True,True,"32,284 British Bangladeshi or British Pakistani individuals | 11,863 British Bangladeshi or British Pakistani individuals",https://www.ebi.ac.uk/gwas/studies/GCST90727305
cause,BMI,body mass index,GCST90682364,41606330,Namba S,2026,BMI x sex interaction,True,True,"271,469 British ancestry individuals | 37,786 British ancestry individuals",https://www.ebi.ac.uk/gwas/studies/GCST90682364
cause,BMI,body mass index,GCST90682411,41606330,Namba S,2026,BMI x age interaction,True,True,"271,469 British ancestry individuals | 37,786 British ancestry individuals",https://www.ebi.ac.uk/gwas/studies/GCST90682411
cause,BMI,body mass index,GCST90682458,41606330,Namba S,2026,BMI x ever-drinking interaction,True,True,"271,377 British ancestry individuals | 37,724 British ancestry individuals",https://www.ebi.ac.uk/gwas/studies/GCST90682458
cause,BMI,body mass index,GCST90841371,38710707,Kemper KE,2024,Body mass index variance,False,True,"284,165 European ancestry individuals | NA",https://www.ebi.ac.uk/gwas/studies/GCST90841371
cause,BMI,body mass index,GCST90682505,41606330,Namba S,2026,BMI x ever-smoking interaction,True,True,"270,873 British ancestry individuals | 37,627 British ancestry individuals",https://www.ebi.ac.uk/gwas/studies/GCST90682505
cause,BMI,body mass index,GCST90682552,41606330,Namba S,2026,BMI x current-smoking interaction,True,True,"270,873 British ancestry individuals | 37,627 British ancestry individuals",https://www.ebi.ac.uk/gwas/studies/GCST90682552
cause,BMI,body mass index,GCST90682599,41606330,Namba S,2026,BMI x meat and cheese interaction,True,True,"271,435 British ancestry individuals | 29,865 British ancestry individuals",https://www.ebi.ac.uk/gwas/studies/GCST90682599
cause,BMI,body mass index,GCST90682646,41606330,Namba S,2026,BMI x vegetable and fish interaction,True,True,"271,435 British ancestry individuals | 29,865 British ancestry individuals",https://www.ebi.ac.uk/gwas/studies/GCST90682646
cause,BMI,body mass index,GCST90682693,41606330,Namba S,2026,BMI x tea and coffee interaction,True,True,"271,435 British ancestry individuals | 29,865 British ancestry individuals",https://www.ebi.ac.uk/gwas/studies/GCST90682693
cause,BMI,body mass index,GCST90682740,41606330,Namba S,2026,BMI x physical activity interaction,True,True,"271,435 British ancestry individuals | 29,865 British ancestry individuals",https://www.ebi.ac.uk/gwas/studies/GCST90682740
cause,BMI,body mass index,GCST90682787,41606330,Namba S,2026,"BMI x commonly-tested environments (Sex, Age, Ever-drinking, Ever-smoking, and Current-smoking) interaction",True,True,"270,786 British ancestry individuals | 37,596 British ancestry individuals",https://www.ebi.ac.uk/gwas/studies/GCST90682787
cause,BMI,body mass index,GCST90682834,41606330,Namba S,2026,"BMI x all environments (Sex, Age, Ever-drinking, Ever-smoking, Current-smoking, Meat and cheese, Vegetable and fish, Tea and coffee, and Physical activity) interaction",True,True,"270,752 British ancestry individuals | 29,783 British ancestry individuals",https://www.ebi.ac.uk/gwas/studies/GCST90682834
cause,BMI,body mass index,GCST90082670,34662886,Backman JD,2021,Body mass index (UKB data field 21001) (Gene-based burden),True,True,"429,633 European ancestry individuals | NA",https://www.ebi.ac.uk/gwas/studies/GCST90082670
cause,BMI,body mass index,GCST90082893,34662886,Backman JD,2021,Body mass index (UKB data field 23104) (Gene-based burden),True,True,"423,694 European ancestry individuals | NA",https://www.ebi.ac.uk/gwas/studies/GCST90082893
cause,waist-hip ratio,waist-hip ratio,GCST008996,30239722,Pulit SL,2018,Waist-hip ratio,True,True,"697,734 European ancestry individuals | NA",https://www.ebi.ac.uk/gwas/studies/GCST008996
cause,waist-hip ratio,waist-hip ratio,GCST008997,30239722,Pulit SL,2018,Waist-hip ratio,True,True,"381,152 European female individuals | NA",https://www.ebi.ac.uk/gwas/studies/GCST008997
cause,waist-hip ratio,waist-hip ratio,GCST008734,30575882,Lotta LA,2018,Waist-hip ratio,False,True,"663,598 European ancestry individuals | NA",https://www.ebi.ac.uk/gwas/studies/GCST008734
cause,waist-hip ratio,waist-hip ratio,GCST009110,31453325,Wang H,2019,Waist-hip ratio variance,True,True,"347,134 European ancestry individuals | NA",https://www.ebi.ac.uk/gwas/studies/GCST009110
cause,waist-hip ratio,waist-hip ratio,GCST000829,20935629,Heid IM,2010,Waist-hip ratio,False,True,"Up to 77,167 European ancestry individuals | Up to 113,636 European ancestry individuals",https://www.ebi.ac.uk/gwas/studies/GCST000829
cause,waist-hip ratio,waist-hip ratio,GCST008155,28552196,Tachmazidou I,2017,Waist-hip ratio,False,True,"1,254 whole genome sequenced European ancestry individuals, 3,071 whole genome sequenced individuals, 29,723 European ancestry individuals, 388 Carlantino (foun",https://www.ebi.ac.uk/gwas/studies/GCST008155
cause,waist-hip ratio,waist-hip ratio,GCST000928,21253498,Benjamin AM,2010,Waist-to-hip ratio (sex interaction),False,True,"2,314 European ancestry individuals | NA",https://www.ebi.ac.uk/gwas/studies/GCST000928
cause,waist-hip ratio,waist-hip ratio,GCST008774,30858448,Tekola-Ayele F,2019,Birth weight or waist-hip ratio (pleiotropy),False,True,"153,781 European and unknown ancestry individuals with birth weight measurements, 224,459 European and unknown ancestry individuals with waist-hip ratio measure",https://www.ebi.ac.uk/gwas/studies/GCST008774
cause,waist-hip ratio,waist-hip ratio,GCST009124,31453325,Wang H,2019,Waist-hip ratio,False,True,"347,134 European ancestry individuals | NA",https://www.ebi.ac.uk/gwas/studies/GCST009124
cause,waist-hip ratio,waist-hip ratio,GCST007067,30595370,Kichaev G,2018,Waist-hip ratio,False,True,"approximately 458,000 European ancestry individuals | NA",https://www.ebi.ac.uk/gwas/studies/GCST007067
cause,waist-hip ratio,waist-hip ratio,GCST008998,30239722,Pulit SL,2018,Waist-hip ratio,True,True,"316,772 European ancestry male individuals | NA",https://www.ebi.ac.uk/gwas/studies/GCST008998
cause,waist-hip ratio,waist-hip ratio,GCST90446455,39180217,Chen Y,2024,Waist hip ratio (AlphaMissense) (Gene-based burden),True,True,"442,300 European ancestry individuals | NA",https://www.ebi.ac.uk/gwas/studies/GCST90446455
cause,waist-hip ratio,waist-hip ratio,GCST90446456,39180217,Chen Y,2024,Waist hip ratio (Gene-based burden),True,True,"442,300 European ancestry individuals | NA",https://www.ebi.ac.uk/gwas/studies/GCST90446456
cause,waist-hip ratio,waist-hip ratio,GCST90027381,35240056,Auwerx C,2022,Waist-hip ratio (UKB data field 49/48) (CNV duplication-only model),True,True,"330,926 white British ancestry individuals | NA",https://www.ebi.ac.uk/gwas/studies/GCST90027381
cause,waist-hip ratio,waist-hip ratio,GCST90027438,35240056,Auwerx C,2022,Waist-hip ratio (UKB data field 49/48) (CNV deletion-only model),True,True,"330,926 white British ancestry individuals | NA",https://www.ebi.ac.uk/gwas/studies/GCST90027438
cause,waist-hip ratio,waist-hip ratio,GCST90027324,35240056,Auwerx C,2022,Waist-hip ratio (UKB data field 49/48) (CNV mirror model),True,True,"330,926 white British ancestry individuals | NA",https://www.ebi.ac.uk/gwas/studies/GCST90027324
cause,waist-hip ratio,waist-hip ratio,GCST90029009,29892013,Loh PR,2018,Waist-hip ratio,True,True,"502,773 European ancestry individuals | NA",https://www.ebi.ac.uk/gwas/studies/GCST90029009
cause,waist-hip ratio,waist-hip ratio,GCST90103758,35051171,Wong HS,2022,Waist-hip ratio,False,True,"21,972 Taiwanese ancestry individuals, 361,194 individuals, 224,459 European ancestry individuals | NA",https://www.ebi.ac.uk/gwas/studies/GCST90103758
cause,waist-hip ratio,waist-hip ratio,GCST90244562,36276968,Chung JY,2022,Waist-hip ratio (aged 40-50 years),False,True,"89,060 European ancestry individuals | NA",https://www.ebi.ac.uk/gwas/studies/GCST90244562
cause,waist-hip ratio,waist-hip ratio,GCST90244567,36276968,Chung JY,2022,Waist-hip ratio (aged 64-69 years),False,True,"85,152 European ancestry individuals | NA",https://www.ebi.ac.uk/gwas/studies/GCST90244567
cause,waist-hip ratio,waist-hip ratio,GCST90245813,36568030,Young KL,2022,Waist-hip ratio,False,True,"15,503 European ancestry individuals | 1,229 European ancestry individuals",https://www.ebi.ac.uk/gwas/studies/GCST90245813
cause,waist-hip ratio,waist-hip ratio,GCST90245814,36568030,Young KL,2022,Waist-hip ratio,False,True,"8,678 European ancestry women | 771 European ancestry women",https://www.ebi.ac.uk/gwas/studies/GCST90245814
cause,waist-hip ratio,waist-hip ratio,GCST90245815,36568030,Young KL,2022,Waist-hip ratio,False,True,"6,825 European ancestry men | 758 European ancestry men",https://www.ebi.ac.uk/gwas/studies/GCST90245815
cause,waist-hip ratio,waist-hip ratio,GCST90225556,36217425,Lin Z,2022,Waist-hip ratio,False,True,"91,460 European ancestry individuals | NA",https://www.ebi.ac.uk/gwas/studies/GCST90225556
cause,waist-hip ratio,waist-hip ratio,GCST90133119,35534559,Howe LJ,2022,Waist-hip ratio (population-based),False,True,"upto 48,364 European ancestry sibship | NA",https://www.ebi.ac.uk/gwas/studies/GCST90133119
cause,waist-hip ratio,waist-hip ratio,GCST90133143,35534559,Howe LJ,2022,Waist-hip ratio (within-sibship),False,True,"upto 48,364 European ancestry sibship | NA",https://www.ebi.ac.uk/gwas/studies/GCST90133143
cause,waist-hip ratio,waist-hip ratio,GCST90624702,41062462,Abner E,2025,Waist-hip ratio,True,True,"93,368 European ancestry individuals | NA",https://www.ebi.ac.uk/gwas/studies/GCST90624702
cause,waist-hip ratio,waist-hip ratio,GCST90693323,40874817,Wang S,2025,Waist-to-hip ratio or colorectal cancer (pleiotropy),False,True,"724,288 European ancestry individuals | NA",https://www.ebi.ac.uk/gwas/studies/GCST90693323
cause,waist-hip ratio,waist-hip ratio,GCST90693324,40874817,Wang S,2025,Waist-to-hip ratio or esophageal adenocarcinoma (pleiotropy),False,True,"719,005 European ancestry individuals | NA",https://www.ebi.ac.uk/gwas/studies/GCST90693324
cause,waist-hip ratio,waist-hip ratio,GCST90693325,40874817,Wang S,2025,Waist-to-hip ratio or breast cancer (pleiotropy),False,True,"628,325 European ancestry females | NA",https://www.ebi.ac.uk/gwas/studies/GCST90693325
cause,waist-hip ratio,waist-hip ratio,GCST90693326,40874817,Wang S,2025,Waist-to-hip ratio or endometrial cancer (pleiotropy),False,True,"503,037 European ancestry females | NA",https://www.ebi.ac.uk/gwas/studies/GCST90693326
cause,waist-hip ratio,waist-hip ratio,GCST90693327,40874817,Wang S,2025,Waist-to-hip ratio or ovarian cancer (pleiotropy),False,True,"447,602 European ancestry females | NA",https://www.ebi.ac.uk/gwas/studies/GCST90693327
cause,waist-hip ratio,waist-hip ratio,GCST90691926,40968291,Karczewski KJ,2025,Waist-hip ratio,True,True,"420,531 European ancestry individuals | NA",https://www.ebi.ac.uk/gwas/studies/GCST90691926
cause,waist-hip ratio,waist-hip ratio,GCST90841376,38710707,Kemper KE,2024,Waist-hip ratio variance,False,True,"284,165 European ancestry individuals | NA",https://www.ebi.ac.uk/gwas/studies/GCST90841376
cause,waist circumference,waist circumference,GCST009108,31453325,Wang H,2019,Waist circumference variance,True,True,"347,158 European ancestry individuals | NA",https://www.ebi.ac.uk/gwas/studies/GCST009108
cause,waist circumference,waist circumference,GCST010659,31928498,Lind L,2020,Waist circumference,False,True,"291,107 British ancestry individuals | NA",https://www.ebi.ac.uk/gwas/studies/GCST010659
cause,waist circumference,waist circumference,GCST000427,19557197,Heard-Costa NL,2009,Waist circumference,False,True,"31,373 European ancestry individuals | 38,641 individuals",https://www.ebi.ac.uk/gwas/studies/GCST000427
cause,waist circumference,waist circumference,GCST000184,18454146,Chambers JC,2008,Waist circumference and related phenotypes,False,True,"2,684 Indian Asian ancestry male individuals | 7,394 Indian Asian ancestry individuals, 4,561 European ancestry individuals",https://www.ebi.ac.uk/gwas/studies/GCST000184
cause,waist circumference,waist circumference,GCST000084,17903300,Fox CS,2007,Waist circumference,False,True,"1,079 European ancestry individuals from 310 families
 | NA",https://www.ebi.ac.uk/gwas/studies/GCST000084
cause,waist circumference,waist circumference,GCST004704,20838585,Smith EN,2010,Cardiovascular risk factors,False,True,"525 European ancestry individuals | 2,442 Finnish ancestry individuals",https://www.ebi.ac.uk/gwas/studies/GCST004704
cause,waist circumference,waist circumference,GCST008160,28552196,Tachmazidou I,2017,Waist circumference,False,True,"1,254 whole genome sequenced European ancestry individuals, 3,072 whole genome sequenced individuals, 41,450 European ancestry individuals, 397 Carlantino (foun",https://www.ebi.ac.uk/gwas/studies/GCST008160
cause,waist circumference,waist circumference,GCST008151,28552196,Tachmazidou I,2017,Waist circumference,False,True,"1,254 whole genome sequenced European ancestry individuals, 3,072 whole genome sequenced individuals, 41,450 European ancestry individuals, 397 Carlantino (foun",https://www.ebi.ac.uk/gwas/studies/GCST008151
cause,waist circumference,waist circumference,GCST000931,21253498,Benjamin AM,2010,Waist circumference (sex interaction),False,True,"2,314 European ancestry individuals | 2,872 European ancestry individuals",https://www.ebi.ac.uk/gwas/studies/GCST000931
cause,waist circumference,waist circumference,GCST000789,20838585,Smith EN,2010,Cardiovascular risk factors (age interaction),False,True,"525 European ancestry individuals | 2,442 Finnish ancestry individuals",https://www.ebi.ac.uk/gwas/studies/GCST000789
cause,waist circumference,waist circumference,GCST008775,30858448,Tekola-Ayele F,2019,Birth weight or waist circumference (pleiotropy),False,True,"153,781 European and unknown ancestry individuals with birth weight measurements, 224,459 European and unknown ancestry individuals with waist circumference mea",https://www.ebi.ac.uk/gwas/studies/GCST008775
cause,waist circumference,waist circumference,GCST009122,31453325,Wang H,2019,Waist circumference,False,True,"347,158 European ancestry individuals | NA",https://www.ebi.ac.uk/gwas/studies/GCST009122
cause,waist circumference,waist circumference,GCST90014020,34017140,Mbatchou J,2021,Waist circumference (UKB data field 48),True,True,"407,661 British ancestry individuals | NA",https://www.ebi.ac.uk/gwas/studies/GCST90014020
cause,waist circumference,waist circumference,GCST90103757,35051171,Wong HS,2022,Waist circumference,False,True,"21,949 Taiwanese ancestry individuals, 361,194 individuals, 224,459 European ancestry individuals | NA",https://www.ebi.ac.uk/gwas/studies/GCST90103757
cause,waist circumference,waist circumference,GCST90244563,36276968,Chung JY,2022,Waist circumference (aged 40-50 years),False,True,"89,076 European ancestry individuals | NA",https://www.ebi.ac.uk/gwas/studies/GCST90244563
cause,waist circumference,waist circumference,GCST90244568,36276968,Chung JY,2022,Waist circumference (aged 64-69 years),False,True,"85,157 European ancestry individuals | NA",https://www.ebi.ac.uk/gwas/studies/GCST90244568
cause,waist circumference,waist circumference,GCST90225554,36217425,Lin Z,2022,Waist circumference,False,True,"91,476 European ancestry individuals | NA",https://www.ebi.ac.uk/gwas/studies/GCST90225554
cause,waist circumference,waist circumference,GCST90310188,39901012,Hu S,2025,Waist circumference (UKB data field 48),True,True,"343,432 British ancestry individuals | NA",https://www.ebi.ac.uk/gwas/studies/GCST90310188
cause,waist circumference,waist circumference,GCST90309927,38351177,Jung H,2024,Waist circumference (UKB data field 48),True,True,"174,488 European ancestry individuals | NA",https://www.ebi.ac.uk/gwas/studies/GCST90309927
cause,waist circumference,waist circumference,GCST90832951,41896352,Kim HI,2026,Waist circumference,False,True,"15,243 British Bangladeshi or British Pakistani individuals, 424,053 European ancestry individuals | NA",https://www.ebi.ac.uk/gwas/studies/GCST90832951
cause,waist circumference,waist circumference,GCST90468182,39789286,Loya H,2025,Waist circumference (UKB data field 48),True,True,"394,642 European ancestry individuals | NA",https://www.ebi.ac.uk/gwas/studies/GCST90468182
cause,waist circumference,waist circumference,GCST90302888,37377600,DeWan AT,2023,Waist circumference,True,True,"365,499 British ancestry individuals | 43,954 European ancestry individuals",https://www.ebi.ac.uk/gwas/studies/GCST90302888
cause,waist circumference,waist circumference,GCST90691862,40968291,Karczewski KJ,2025,Waist circumference (UKB data field 48),True,True,"419,807 European ancestry individuals | NA",https://www.ebi.ac.uk/gwas/studies/GCST90691862
cause,waist circumference,waist circumference,GCST90474609,40770095,UK Biobank Whole-Genome Sequencing Consortium,2025,Waist circumference (UKB data field 48),True,True,"2,852 Ashkenazi Jewish individuals | NA",https://www.ebi.ac.uk/gwas/studies/GCST90474609
cause,waist circumference,waist circumference,GCST90474611,40770095,UK Biobank Whole-Genome Sequencing Consortium,2025,Waist circumference (UKB data field 48),True,True,"457,594 Non-Finnish European ancestry individuals | NA",https://www.ebi.ac.uk/gwas/studies/GCST90474611
cause,waist circumference,waist circumference,GCST90083214,34662886,Backman JD,2021,Waist circumference (UKB data field 48) (Gene-based burden),True,True,"430,261 European ancestry individuals | NA",https://www.ebi.ac.uk/gwas/studies/GCST90083214
cause,waist circumference,waist circumference,GCST90079228,34662886,Backman JD,2021,Waist circumference (UKB data field 48),True,True,"430,261 European ancestry individuals | NA",https://www.ebi.ac.uk/gwas/studies/GCST90079228
cause,waist circumference,waist circumference,GCST90841373,38710707,Kemper KE,2024,Waist circumference variance,False,True,"284,165 European ancestry individuals | NA",https://www.ebi.ac.uk/gwas/studies/GCST90841373
cause,waist circumference,waist circumference,GCST90727369,41896352,Kim HI,2026,Waist circumference,True,True,"15,243 British Bangladeshi or British Pakistani individuals | 11,863 British Bangladeshi or British Pakistani individuals",https://www.ebi.ac.uk/gwas/studies/GCST90727369
cause,smoking initiation,smoking initiation,GCST011703,33082346,Xu K,2020,Smoking initiation,False,True,"842,717 European ancestry individuals | NA",https://www.ebi.ac.uk/gwas/studies/GCST011703
cause,smoking initiation,smoking initiation,GCST001113,21685187,Siedlinski M,2011,Age at smoking initiation in chronic obstructive pulmonary disease,False,True,"3,397 European ancestry cases | NA",https://www.ebi.ac.uk/gwas/studies/GCST001113
cause,smoking initiation,smoking initiation,GCST008810,30679032,Brazel DM,2018,Smoking initiation (ever regular vs never regular),False,True,"up to 433,216 European ancestry individuals  | NA",https://www.ebi.ac.uk/gwas/studies/GCST008810
cause,smoking initiation,smoking initiation,GCST007462,30643251,Liu M,2019,Age of smoking initiation (MTAG),False,True,"up to 931,815 European ancestry  individuals | NA",https://www.ebi.ac.uk/gwas/studies/GCST007462
cause,smoking initiation,smoking initiation,GCST007458,30643251,Liu M,2019,Age of smoking initiation,True,True,"up to 341,427 European ancestry individuals | NA",https://www.ebi.ac.uk/gwas/studies/GCST007458
cause,smoking initiation,smoking initiation,GCST90296430,37156939,Xu H,2023,Smoking initiation (MTAG),False,True,"632,802 European ancestry individuals (MTAG effective sample size boosted by opioid use disorder, cannabis use disorder, alcohol use disorder samples) | NA",https://www.ebi.ac.uk/gwas/studies/GCST90296430
cause,smoking initiation,smoking initiation,GCST90243968,36477530,Saunders GRB,2022,Smoking initiation,False,True,"2,669,029 European ancestry individuals | NA",https://www.ebi.ac.uk/gwas/studies/GCST90243968
cause,smoking initiation,smoking initiation,GCST90103990,35186008,Bellomo TR,2022,Peripheral artery disease or coronary artery disease or smoking (pleiotropy),False,True,"24,009 European ancestry peripherial artery disease cases, 122,733 European ancestry coronary artery disease cases, 575,511 European ancestry controls, 462,690 ",https://www.ebi.ac.uk/gwas/studies/GCST90103990
cause,smoking initiation,smoking initiation,GCST90103997,35186008,Bellomo TR,2022,Peripheral artery disease or BMI (pleiotropy),False,True,"24,009 European ancestry peripherial artery disease cases, 150,983 European ancestry controls,  462,690 European ancestry smoker individuals | NA",https://www.ebi.ac.uk/gwas/studies/GCST90103997
cause,cigarettes per day,Cigarettes smoked per day,GCST90243976,36477530,Saunders GRB,2022,Cigarettes smoked per day,False,True,"618,489 European ancestry individuals | NA",https://www.ebi.ac.uk/gwas/studies/GCST90243976
cause,cigarettes per day,Cigarettes smoked per day,GCST90308693,37308787,Rajagopal VM,2023,Cigarettes smoked per day,False,True,"110,082 European ancestry individuals | NA",https://www.ebi.ac.uk/gwas/studies/GCST90308693
comorbidity,PSC,primary sclerosing cholangitis,GCST000534,19944697,Karlsen TH,2009,Primary sclerosing cholangitis,False,True,"285 European ancestry cases, 298 European ancestry controls | 766 European ancestry cases, 2,935 European ancestry controls",https://www.ebi.ac.uk/gwas/studies/GCST000534
comorbidity,PSC,primary sclerosing cholangitis,GCST000915,21151127,Melum E,2010,Primary sclerosing cholangitis,False,True,"715 European ancestry cases, 2,962 European ancestry controls | 1,025 European ancestry cases, 2,174 European ancestry controls",https://www.ebi.ac.uk/gwas/studies/GCST000915
comorbidity,PSC,primary sclerosing cholangitis,GCST004030,27992413,Ji SG,2016,Primary sclerosing cholangitis,True,True,"2,871 European ancestry cases, 12,019 European ancestry controls | 1,925 European ancestry cases, 7,936 European ancestry controls",https://www.ebi.ac.uk/gwas/studies/GCST004030
comorbidity,PSC,primary sclerosing cholangitis,GCST006670,23603763,Liu JZ,2013,Primary sclerosing cholangitis,False,True,"3,789 European ancestry cases, 25,079 European ancestry controls | NA",https://www.ebi.ac.uk/gwas/studies/GCST006670
comorbidity,ankylosing spondylitis,ankylosing spondylitis,GCST000563,20062062,Reveille JD,2010,Ankylosing spondylitis,False,True,"2,053 European ancestry cases, 5,140 European ancestry controls | 898 European ancestry cases, 1,518 European ancestry controls",https://www.ebi.ac.uk/gwas/studies/GCST000563
comorbidity,ankylosing spondylitis,ankylosing spondylitis,GCST001149,21743469,Evans DM,2011,Ankylosing spondylitis,False,True,"3,023 European ancestry cases, 8,779 European ancestry controls | 2,111 European ancestry cases, 4,483 European ancestry controls",https://www.ebi.ac.uk/gwas/studies/GCST001149
comorbidity,ankylosing spondylitis,ankylosing spondylitis,GCST003097,26301688,Li YR,2015,Pediatric autoimmune diseases,False,True,"97 European ancestry thyroiditis cases, 107 European ancestry ankylosing spondylitis cases, 100 European ancestry psoriasis cases, 173 European ancestry celiac ",https://www.ebi.ac.uk/gwas/studies/GCST003097
comorbidity,ankylosing spondylitis,ankylosing spondylitis,GCST005530,23749187,Cortes A,2013,Ankylosing spondylitis (SNP x SNP interaction),False,True,"9,069 European ancestry cases, 13,578 European ancestry controls | NA",https://www.ebi.ac.uk/gwas/studies/GCST005530
comorbidity,ankylosing spondylitis,ankylosing spondylitis,GCST005537,26974007,Ellinghaus D,2016,"Chronic inflammatory diseases (ankylosing spondylitis, Crohn's disease, psoriasis, primary sclerosing cholangitis, ulcerative colitis) (pleiotropy)",False,True,"8,726 European ancestry ankylosing spondylitis cases, 19,085 European ancestry Crohn’s disease cases, 6,530 European ancestry psoriasis cases, 3,408 European an",https://www.ebi.ac.uk/gwas/studies/GCST005537
comorbidity,ankylosing spondylitis,ankylosing spondylitis,GCST008910,30920090,Trochet H,2019,Multiple traits (pleiotropy),False,True,"1,787 European ancestry ankylosing spondylitis cases, 9,772 European ancestry multiple sclerosis cases, 2,178 European ancestry psoriasis cases, 2,361 European ",https://www.ebi.ac.uk/gwas/studies/GCST008910
comorbidity,ankylosing spondylitis,ankylosing spondylitis,GCST90014439,34278373,Glanville KP,2021,Ankylosing spondylitis,True,True,"413 European ancestry cases, 324,074 European ancestry controls | NA",https://www.ebi.ac.uk/gwas/studies/GCST90014439
comorbidity,ankylosing spondylitis,ankylosing spondylitis,GCST90014438,34278373,Glanville KP,2021,Ankylosing spondylitis,True,True,"1,344 European ancestry cases, 324,074 European ancestry controls | NA",https://www.ebi.ac.uk/gwas/studies/GCST90014438
comorbidity,ankylosing spondylitis,ankylosing spondylitis,GCST90044542,34737426,Jiang L,2021,Ankylosing spondylitis (PheCode 715.2),True,True,"186 European ancestry cases, 456,162 European ancestry controls | NA",https://www.ebi.ac.uk/gwas/studies/GCST90044542
comorbidity,ankylosing spondylitis,ankylosing spondylitis,GCST90081771,34662886,Backman JD,2021,Ankylosing spondylitis (Gene-based burden),True,True,"1,239 European ancestry cases, 330,515 European ancestry controls | NA",https://www.ebi.ac.uk/gwas/studies/GCST90081771
comorbidity,ankylosing spondylitis,ankylosing spondylitis,GCST90081772,34662886,Backman JD,2021,ICD10 M45: ankylosing spondylitis (Gene-based burden),True,True,"1,113 European ancestry cases, 327,939 European ancestry controls | NA",https://www.ebi.ac.uk/gwas/studies/GCST90081772
comorbidity,ankylosing spondylitis,ankylosing spondylitis,GCST90079536,34662886,Backman JD,2021,ICD M45: Ankylosing spondylitis,True,True,"848 European ancestry cases, 386,233 European ancestry controls | NA",https://www.ebi.ac.uk/gwas/studies/GCST90079536
comorbidity,ankylosing spondylitis,ankylosing spondylitis,GCST90103423,36779085,Fitzgerald T,2022,Source of report of M45 (ankylosing spondylitis) (UKB data field 131913),True,True,"655 European ancestry cases, 170,102 European ancestry controls | NA",https://www.ebi.ac.uk/gwas/studies/GCST90103423
comorbidity,ankylosing spondylitis,ankylosing spondylitis,GCST90077786,34662886,Backman JD,2021,ICD10 M45: ankylosing spondylitis,True,True,"1,113 European ancestry cases, 327,939 European ancestry controls | NA",https://www.ebi.ac.uk/gwas/studies/GCST90077786
comorbidity,ankylosing spondylitis,ankylosing spondylitis,GCST90083518,34662886,Backman JD,2021,ICD M45: Ankylosing spondylitis - B27 positive (Gene-based burden),True,True,"526 European ancestry cases, 30,652 European ancestry controls | NA",https://www.ebi.ac.uk/gwas/studies/GCST90083518
comorbidity,ankylosing spondylitis,ankylosing spondylitis,GCST90083521,34662886,Backman JD,2021,ICD SR: Ankylosing spondylitis (Gene-based burden),True,True,"1,476 European ancestry cases, 386,233 European ancestry controls | NA",https://www.ebi.ac.uk/gwas/studies/GCST90083521
comorbidity,ankylosing spondylitis,ankylosing spondylitis,GCST90083519,34662886,Backman JD,2021,ICD SR: Ankylosing spondylitis - B27 negative (Gene-based burden),True,True,"761 European ancestry cases, 355,581 European ancestry controls | NA",https://www.ebi.ac.uk/gwas/studies/GCST90083519
comorbidity,ankylosing spondylitis,ankylosing spondylitis,GCST90083520,34662886,Backman JD,2021,ICD SR: Ankylosing spondylitis - B27 positive (Gene-based burden),True,True,"715 European ancestry cases, 30,652 European ancestry controls | NA",https://www.ebi.ac.uk/gwas/studies/GCST90083520
comorbidity,ankylosing spondylitis,ankylosing spondylitis,GCST90083522,34662886,Backman JD,2021,ICD M45: Ankylosing spondylitis (Gene-based burden),True,True,"848 European ancestry cases, 386,233 European ancestry controls | NA",https://www.ebi.ac.uk/gwas/studies/GCST90083522
comorbidity,ankylosing spondylitis,ankylosing spondylitis,GCST90079533,34662886,Backman JD,2021,ICD SR: Ankylosing spondylitis - B27 negative,True,True,"761 European ancestry cases, 355,581 European ancestry controls | NA",https://www.ebi.ac.uk/gwas/studies/GCST90079533
comorbidity,ankylosing spondylitis,ankylosing spondylitis,GCST90558086,40262193,Shigesi N,2025,Ankylosing spondylitis,True,True,"1,493 European ancestry cases, 319,532 European ancestry controls | NA",https://www.ebi.ac.uk/gwas/studies/GCST90558086
comorbidity,ankylosing spondylitis,ankylosing spondylitis,GCST90558087,40262193,Shigesi N,2025,Ankylosing spondylitis,True,True,"547 European ancestry female cases, 162,403 European ancestry female controls | NA",https://www.ebi.ac.uk/gwas/studies/GCST90558087
comorbidity,ankylosing spondylitis,ankylosing spondylitis,GCST90435154,38490347,Khrom M,2024,Extraintestinal manifestations in inflammatory bowel disease (ankylosing spondylitis and sacroiliitis),False,True,"403 European ancestry cases, 11,624 European ancestry controls | NA",https://www.ebi.ac.uk/gwas/studies/GCST90435154
comorbidity,ankylosing spondylitis,ankylosing spondylitis,GCST90435162,38490347,Khrom M,2024,Extraintestinal manifestations in inflammatory bowel disease (any of 6 phenotypes),False,True,"1,704 European ancestry cases, 10,190 European ancestry controls | NA",https://www.ebi.ac.uk/gwas/studies/GCST90435162
comorbidity,ankylosing spondylitis,ankylosing spondylitis,GCST90435163,38490347,Khrom M,2024,Extraintestinal manifestations in inflammatory bowel disease (any of 7 phenotypes),False,True,"3,255 European ancestry cases, 8,572 European ancestry controls | NA",https://www.ebi.ac.uk/gwas/studies/GCST90435163
comorbidity,ankylosing spondylitis,ankylosing spondylitis,GCST90435164,38490347,Khrom M,2024,Extraintestinal manifestations in inflammatory bowel disease (2 or more of 6 phenotypes),False,True,"240 European ancestry cases, 8,572 European ancestry controls | NA",https://www.ebi.ac.uk/gwas/studies/GCST90435164
comorbidity,ankylosing spondylitis,ankylosing spondylitis,GCST90476232,39024449,Verma A,2024,Ankylosing spondylitis (PheCode 715.2),True,True,"1,637 European ancestry cases, 448,993 European ancestry controls | NA",https://www.ebi.ac.uk/gwas/studies/GCST90476232
comorbidity,ankylosing spondylitis,ankylosing spondylitis,GCST90436654,30104761,Zhou W,2018,Ankylosing spondylitis (PheCode 715.2),True,True,"620 British ancestry cases, 365,085 British ancestry controls | NA",https://www.ebi.ac.uk/gwas/studies/GCST90436654
comorbidity,ankylosing spondylitis,ankylosing spondylitis,GCST90726640,41896352,Kim HI,2026,Ankylosing spondylitis,True,True,"129 British Bangladeshi or British Pakistani cases, 43,897 British Bangladeshi or British Pakistani controls | 11,863 British Bangladeshi or British Pakistani i",https://www.ebi.ac.uk/gwas/studies/GCST90726640
comorbidity,ankylosing spondylitis,ankylosing spondylitis,GCST90077785,34662886,Backman JD,2021,Ankylosing spondylitis,True,True,"1,239 European ancestry cases, 330,515 European ancestry controls | NA",https://www.ebi.ac.uk/gwas/studies/GCST90077785
comorbidity,ankylosing spondylitis,ankylosing spondylitis,GCST90474065,40770095,UK Biobank Whole-Genome Sequencing Consortium,2025,ICD10 M45: ankylosing spondylitis,True,True,"2,076 Non-Finnish European ancestry cases, 456,364 Non-Finnish European ancestry controls | NA",https://www.ebi.ac.uk/gwas/studies/GCST90474065
comorbidity,ankylosing spondylitis,ankylosing spondylitis,GCST90079535,34662886,Backman JD,2021,ICD SR: Ankylosing spondylitis,True,True,"1,476 European ancestry cases, 386,233 European ancestry controls | NA",https://www.ebi.ac.uk/gwas/studies/GCST90079535
comorbidity,ankylosing spondylitis,ankylosing spondylitis,GCST90079532,34662886,Backman JD,2021,ICD M45: Ankylosing spondylitis - B27 positive,True,True,"526 European ancestry cases, 30,652 European ancestry controls | NA",https://www.ebi.ac.uk/gwas/studies/GCST90079532
comorbidity,ankylosing spondylitis,ankylosing spondylitis,GCST90079534,34662886,Backman JD,2021,ICD SR: Ankylosing spondylitis - B27 positive,True,True,"715 European ancestry cases, 30,652 European ancestry controls | NA",https://www.ebi.ac.uk/gwas/studies/GCST90079534
comorbidity,psoriasis,psoriasis,GCST90014457,34278373,Glanville KP,2021,Psoriasis,True,True,"2,759 European ancestry cases, 324,074 European ancestry controls | NA",https://www.ebi.ac.uk/gwas/studies/GCST90014457
comorbidity,psoriasis,psoriasis,GCST000173,18369459,Liu Y,2008,Psoriasis,False,True,"218 European ancestry cases, 519 European ancestry controls | 1,153 European ancestry cases, 1,217 European ancestry controls",https://www.ebi.ac.uk/gwas/studies/GCST000173
comorbidity,psoriasis,psoriasis,GCST000165,18364390,Capon F,2008,Psoriasis,False,True,"318 European ancestry cases, 288 European ancestry controls | 2,361 European ancestry cases, 1,927 European ancestry controls",https://www.ebi.ac.uk/gwas/studies/GCST000165
comorbidity,psoriasis,psoriasis,GCST000836,20953188,Ellinghaus E,2010,Psoriasis,False,True,"472 European ancestry cases, 1,146 European ancestry controls | 2,668, European ancestry cases, 762 French Canadian founder population cases, 2,585 cases, 3,485",https://www.ebi.ac.uk/gwas/studies/GCST000836
comorbidity,psoriasis,psoriasis,GCST000322,19169254,Nair RP,2009,Psoriasis,False,True,"1,359 European ancestry cases, 1,400 European ancestry controls | 5,048 European ancestry cases, 5,041 European ancestry controls",https://www.ebi.ac.uk/gwas/studies/GCST000322
comorbidity,psoriasis,psoriasis,GCST000833,20953190,Strange A,2010,Psoriasis,False,True,"2,178 European ancestry cases, 5,175 European ancestry controls | 3,174 European ancestry cases, 5,464 European ancestry controls",https://www.ebi.ac.uk/gwas/studies/GCST000833
comorbidity,psoriasis,psoriasis,GCST001473,22482804,Ellinghaus D,2012,Crohn's disease and psoriasis,False,True,"2,529 European ancestry psoriasis cases, 2,142 European ancestry Crohn's disease cases, 10,460 European ancestry controls | Up to 3,187 European ancestry psoria",https://www.ebi.ac.uk/gwas/studies/GCST001473
comorbidity,psoriasis,psoriasis,GCST002889,25939698,Tsoi LC,2015,Psoriasis,False,True,"3,994 European ancestry cases, 7,699 European ancestry controls | 6,268 European ancestry cases,  14,172 European ancestry controls, 5,033 cases, 5,707 controls",https://www.ebi.ac.uk/gwas/studies/GCST002889
comorbidity,psoriasis,psoriasis,GCST002738,25574825,Baurecht H,2015,Psoriasis,False,True,"4,212 European ancestry cases, 8,032 European ancestry controls | NA",https://www.ebi.ac.uk/gwas/studies/GCST002738
comorbidity,psoriasis,psoriasis,GCST003269,26626624,Stuart PE,2015,Cutaneous psoriasis,False,True,"1,363 European ancestry cases, 4,934 European ancestry controls | up to 2,969 European ancestry cases, up to European ancestry 14,384 controls",https://www.ebi.ac.uk/gwas/studies/GCST003269
comorbidity,psoriasis,psoriasis,GCST003271,26626624,Stuart PE,2015,Psoriatic arthritis vs Cutaneous psoriasis,False,True,"1,946 European ancestry psoriatic arthritis cases, 1,363 European ancestry cuteneous psoriasis cases | up to 3,216 European ancestry psoriatic arthritis cases, ",https://www.ebi.ac.uk/gwas/studies/GCST003271
comorbidity,psoriasis,psoriasis,GCST005527,23143594,Tsoi LC,2012,Psoriasis,True,True,"10,588 European ancestry cases, 22,806 European ancestry controls | NA",https://www.ebi.ac.uk/gwas/studies/GCST005527
comorbidity,psoriasis,psoriasis,GCST004346,28537254,Tsoi LC,2017,Psoriasis,False,True,"Up to 11,988 European ancestry cases, up to 275,335 European ancestry controls | 7,044 European ancestry cases, 11,434 European ancestry controls",https://www.ebi.ac.uk/gwas/studies/GCST004346
comorbidity,psoriasis,psoriasis,GCST005563,23603763,Liu JZ,2013,"Primary sclerosing cholangitis associated immune-mediated diseases (Crohn's disease, celiac disease, psoriasis, rheumatoid arthritis, sarcoidosis, type 1 diabetes or ulcerative colitis) (pleiotropy)",False,True,"6,333 European ancestry Crohn's disease cases, 4,533 European ancestry celiac disease cases, 2,529 European ancestry psoriasis cases, 5,539 European ancestry rh",https://www.ebi.ac.uk/gwas/studies/GCST005563
comorbidity,psoriasis,psoriasis,GCST90454276,37002690,Zeng Y,2023,Psoriasis,False,True,"3,781 European ancestry cases, 373,090 European ancestry controls | NA",https://www.ebi.ac.uk/gwas/studies/GCST90454276
comorbidity,psoriasis,psoriasis,GCST90013885,34017140,Mbatchou J,2021,Psoriasis (Firth correction),True,True,"407,746 British ancestry individuals | NA",https://www.ebi.ac.uk/gwas/studies/GCST90013885
comorbidity,psoriasis,psoriasis,GCST90013935,34017140,Mbatchou J,2021,Psoriasis (SPA correction),True,True,"407,746 British ancestry individuals | NA",https://www.ebi.ac.uk/gwas/studies/GCST90013935
comorbidity,psoriasis,psoriasis,GCST011990,33385400,Patrick MT,2020,Psoriasis or type 2 diabetes (trans-disease meta-analysis)(opposite effect),False,True,"11,024 European ancestry psoriasis cases, 74,124 European ancestry diabetes cases, 840,342 European ancestry controls | NA",https://www.ebi.ac.uk/gwas/studies/GCST011990
comorbidity,psoriasis,psoriasis,GCST011991,33385400,Patrick MT,2020,Psoriasis or type 2 diabetes (trans-disease meta-analysis),False,True,"11,024 European ancestry psoriasis cases, 74,124 European ancestry diabetes cases, 840,342 European ancestry controls | NA",https://www.ebi.ac.uk/gwas/studies/GCST011991
comorbidity,psoriasis,psoriasis,GCST90014456,34278373,Glanville KP,2021,Psoriasis,True,True,"5,459 European ancestry cases, 324,074 European ancestry controls | NA",https://www.ebi.ac.uk/gwas/studies/GCST90014456
comorbidity,psoriasis,psoriasis,GCST90044517,34737426,Jiang L,2021,Psoriasis (PheCode 696.4),True,True,"250 European ancestry cases, 456,098 European ancestry controls | NA",https://www.ebi.ac.uk/gwas/studies/GCST90044517
comorbidity,psoriasis,psoriasis,GCST90019016,34927100,Stuart PE,2021,Psoriasis,True,True,"15,967 European ancestry cases, 28,194 European ancestry controls | NA",https://www.ebi.ac.uk/gwas/studies/GCST90019016
comorbidity,psoriasis,psoriasis,GCST90727035,41896352,Kim HI,2026,ICD10 L40: Psoriasis,True,True,"1,535 British Bangladeshi or British Pakistani cases, 42,491 British Bangladeshi or British Pakistani controls | 11,863 British Bangladeshi or British Pakistani",https://www.ebi.ac.uk/gwas/studies/GCST90727035
comorbidity,psoriasis,psoriasis,GCST90081841,34662886,Backman JD,2021,Psoriasis (Gene-based burden),True,True,"5,389 European ancestry cases, 326,365 European ancestry controls | NA",https://www.ebi.ac.uk/gwas/studies/GCST90081841
comorbidity,psoriasis,psoriasis,GCST90081842,34662886,Backman JD,2021,ICD10 L40: Psoriasis (Gene-based burden),True,True,"4,381 European ancestry cases, 324,671 European ancestry controls | NA",https://www.ebi.ac.uk/gwas/studies/GCST90081842
comorbidity,psoriasis,psoriasis,GCST90297586,38185688,Auwerx C,2024,ICD10 L40: psoriasis (CNV mirror model),True,True,"3,564 British ancestry cases, 300,263 British ancestry controls | 6,235 European ancestry cases, 38,251 European ancestry controls",https://www.ebi.ac.uk/gwas/studies/GCST90297586
comorbidity,psoriasis,psoriasis,GCST90297640,38185688,Auwerx C,2024,ICD10 L40: psoriasis (CNV U-shape model),True,True,"3,564 British ancestry cases, 300,263 British ancestry controls | 6,235 European ancestry cases, 38,251 European ancestry controls",https://www.ebi.ac.uk/gwas/studies/GCST90297640
comorbidity,psoriasis,psoriasis,GCST90103418,36779085,Fitzgerald T,2022,Source of report of L40 (psoriasis) (UKB data field 131743),True,True,"5,210 European ancestry cases, 165,547 European ancestry controls | NA",https://www.ebi.ac.uk/gwas/studies/GCST90103418
comorbidity,psoriasis,psoriasis,GCST90243957,35507331,Soomro M,2022,Psoriatic arthritis vs Cutaneous psoriasis,True,True,"4,340 European ancestry psoriatic arthritis cases, 6,431 European ancestry cutaneous arthritis cases | NA",https://www.ebi.ac.uk/gwas/studies/GCST90243957
comorbidity,psoriasis,psoriasis,GCST90077856,34662886,Backman JD,2021,ICD10 L40: Psoriasis,True,True,"4,381 European ancestry cases, 324,671 European ancestry controls | 4,001 European ancestry cases, 118,929 European ancestry controls",https://www.ebi.ac.uk/gwas/studies/GCST90077856
comorbidity,psoriasis,psoriasis,GCST90472771,40021644,Dand N,2025,Psoriasis,True,True,"36,466 European ancestry cases, 458,078 European ancestry controls | NA",https://www.ebi.ac.uk/gwas/studies/GCST90472771
comorbidity,psoriasis,psoriasis,GCST90558096,40262193,Shigesi N,2025,Psoriasis,True,True,"22,558 European ancestry cases, 347,726 European ancestry controls | NA",https://www.ebi.ac.uk/gwas/studies/GCST90558096
comorbidity,psoriasis,psoriasis,GCST90558097,40262193,Shigesi N,2025,Psoriasis,True,True,"3,036 European ancestry female cases, 162,403 European ancestry female controls | NA",https://www.ebi.ac.uk/gwas/studies/GCST90558097
comorbidity,psoriasis,psoriasis,GCST90435157,38490347,Khrom M,2024,Extraintestinal manifestations in inflammatory bowel disease (Psoriasis),False,True,"144 European ancestry cases, 11,939 European ancestry controls | NA",https://www.ebi.ac.uk/gwas/studies/GCST90435157
comorbidity,psoriasis,psoriasis,GCST90476186,39024449,Verma A,2024,Psoriasis and related disorder (PheCode 696),True,True,"16,702 European ancestry cases, 427,092 European ancestry controls | NA",https://www.ebi.ac.uk/gwas/studies/GCST90476186
comorbidity,psoriasis,psoriasis,GCST90476187,39024449,Verma A,2024,Psoriasis (PheCode 696.4),True,True,"16,283 European ancestry cases, 428,468 European ancestry controls | NA",https://www.ebi.ac.uk/gwas/studies/GCST90476187
comorbidity,psoriasis,psoriasis,GCST90436606,30104761,Zhou W,2018,Psoriasis and related disorders (PheCode 696),True,True,"2,293 British ancestry cases, 398,199 British ancestry controls | NA",https://www.ebi.ac.uk/gwas/studies/GCST90436606
comorbidity,psoriasis,psoriasis,GCST90436607,30104761,Zhou W,2018,Psoriasis (PheCode 696.4),True,True,"2,237 British ancestry cases, 398,199 British ancestry controls | NA",https://www.ebi.ac.uk/gwas/studies/GCST90436607
comorbidity,psoriasis,psoriasis,GCST90727256,41896352,Kim HI,2026,Psoriasis,True,True,"1,544 British Bangladeshi or British Pakistani cases, 42,482 British Bangladeshi or British Pakistani controls | 11,863 British Bangladeshi or British Pakistani",https://www.ebi.ac.uk/gwas/studies/GCST90727256
comorbidity,psoriasis,psoriasis,GCST90435379,38763176,Heikkilä A,2024,Psoriasis,False,True,"9,863 European ancestry cases, 716,791 European ancestry controls, 12,796 Estonian, Russian or unknown ancestry cases, 186,199 Estonian, Russian or unknown ance",https://www.ebi.ac.uk/gwas/studies/GCST90435379
comorbidity,psoriasis,psoriasis,GCST90435419,38904754,Wang Q,2024,Insomnia or psoriasis (pleiotropy),False,True,"4,510 European ancestry psoriasis cases, 212,242 European ancestry controls, 462,341 European ancestry individuals with insomnia measurements | NA",https://www.ebi.ac.uk/gwas/studies/GCST90435419
comorbidity,psoriasis,psoriasis,GCST90624214,39883516,Liu S,2024,Psoriasis,False,True,"20,105 European ancestry cases, 842,975 European ancestry controls | NA",https://www.ebi.ac.uk/gwas/studies/GCST90624214
comorbidity,psoriasis,psoriasis,GCST90297691,38185688,Auwerx C,2024,ICD10 L40: psoriasis (CNV duplication-only model),True,True,"3,564 British ancestry cases, 300,263 British ancestry controls | 6,235 European ancestry cases, 38,251 European ancestry controls",https://www.ebi.ac.uk/gwas/studies/GCST90297691
comorbidity,psoriasis,psoriasis,GCST90468147,39789286,Loya H,2025,Psoriasis,True,True,"394,626 European ancestry individuals | NA",https://www.ebi.ac.uk/gwas/studies/GCST90468147
comorbidity,psoriasis,psoriasis,GCST90671996,41408349,Saklatvala JR,2025,Severe psoriasis,True,True,"9,738 European ancestry individuals with severe psoriasis, 35,166 European ancestry individuals with psoriasis but no evidence for severe disease | NA",https://www.ebi.ac.uk/gwas/studies/GCST90671996
comorbidity,psoriasis,psoriasis,GCST90473937,40770095,UK Biobank Whole-Genome Sequencing Consortium,2025,ICD10 L40: Psoriasis,True,True,"14,842 Non-Finnish European ancestry cases, 443,598 Non-Finnish European ancestry controls | NA",https://www.ebi.ac.uk/gwas/studies/GCST90473937
comorbidity,psoriasis,psoriasis,GCST90077855,34662886,Backman JD,2021,Psoriasis,True,True,"5,389 European ancestry cases, 326,365 European ancestry controls | 4,001 European ancestry cases, 118,929 European ancestry controls",https://www.ebi.ac.uk/gwas/studies/GCST90077855
comorbidity,psoriasis,psoriasis,GCST90084335,34662886,Backman JD,2021,ICD10 L40: Psoriasis (Gene-based burden),True,True,"5,629 European ancestry cases, 377,623 European ancestry controls | NA",https://www.ebi.ac.uk/gwas/studies/GCST90084335
comorbidity,psoriasis,psoriasis,GCST90084334,34662886,Backman JD,2021,"ICD10 L40.9: Psoriasis, unspecified (Gene-based burden)",True,True,"2,364 European ancestry cases, 384,617 European ancestry controls | NA",https://www.ebi.ac.uk/gwas/studies/GCST90084334
comorbidity,psoriasis,psoriasis,GCST90080349,34662886,Backman JD,2021,ICD10 L40: Psoriasis,True,True,"5,629 European ancestry cases, 377,623 European ancestry controls | 4,001 European ancestry cases, 118,929 European ancestry controls",https://www.ebi.ac.uk/gwas/studies/GCST90080349
comorbidity,psoriasis,psoriasis,GCST90624455,38815935,Hernandez-Cordero A,2024,Palmoplantar pustulosis,True,True,"1,456 European ancestry cases, 402,050 European ancestry controls | NA",https://www.ebi.ac.uk/gwas/studies/GCST90624455
comorbidity,psoriasis,psoriasis,GCST90080348,34662886,Backman JD,2021,"ICD10 L40.9: Psoriasis, unspecified",True,True,"2,364 European ancestry cases, 384,617 European ancestry controls | 1,871 European ancestry cases, 118,929 European ancestry controls",https://www.ebi.ac.uk/gwas/studies/GCST90080348
comorbidity,rheumatoid arthritis,rheumatoid arthritis,GCST007278,30573655,Acosta-Herrera M,2018,Systemic seropositive rheumatic diseases (Systemic sclerosis or systemic lupus erythematosus or rheumatoid arthritis or idiopathic inflammatory myopathies),False,True,"up to 4,595 European ancestry rheumatoid arthritis cases, up to 3,154 European ancestry systemic lupus erythematosus cases, up to 2,281 European ancestry system",https://www.ebi.ac.uk/gwas/studies/GCST007278
comorbidity,rheumatoid arthritis,rheumatoid arthritis,GCST009877,30572963,Márquez A,2018,Rheumatoid arthritis,False,True,"15,523 European ancestry cases, 22,308 European ancestry controls  | NA",https://www.ebi.ac.uk/gwas/studies/GCST009877
comorbidity,rheumatoid arthritis,rheumatoid arthritis,GCST90014459,34278373,Glanville KP,2021,Rheumatoid arthritis,True,True,"3,451 European ancestry cases, 324,074 European ancestry controls | NA",https://www.ebi.ac.uk/gwas/studies/GCST90014459
comorbidity,rheumatoid arthritis,rheumatoid arthritis,GCST000420,19503088,Gregersen PK,2009,Rheumatoid arthritis,False,True,"2,418 European ancestry cases, 4,504 European ancestry controls | 2,604 cases, 2,882 controls",https://www.ebi.ac.uk/gwas/studies/GCST000420
comorbidity,rheumatoid arthritis,rheumatoid arthritis,GCST002323,24449572,Orozco G,2014,Rheumatoid arthritis,False,True,"3,034 European ancestry cases, 5,271 European ancestry controls | 4,726 European ancestry cases, 2,625 European ancestry controls",https://www.ebi.ac.uk/gwas/studies/GCST002323
comorbidity,rheumatoid arthritis,rheumatoid arthritis,GCST002357,24532677,Bossini-Castillo L,2014,Rheumatoid arthritis (ACPA-negative),False,True,"1,148 European ancestry cases, 6,008 European ancestry controls | 774 European ancestry cases, 1,079 European ancestry controls",https://www.ebi.ac.uk/gwas/studies/GCST002357
comorbidity,rheumatoid arthritis,rheumatoid arthritis,GCST000122,17982456,Plenge RM,2007,Rheumatoid arthritis,False,True,"397 European ancestry cases, 1,211 controls | 1,408 cases, 2,426 controls, 875 European ancestry cases, 832 European ancestry controls",https://www.ebi.ac.uk/gwas/studies/GCST000122
comorbidity,rheumatoid arthritis,rheumatoid arthritis,GCST000070,17804836,Plenge RM,2007,Rheumatoid arthritis,False,True,"1,522 European ancestry cases, 1,850 European ancestry controls | 1,053 European ancestry cases, 1,858 European ancestry controls",https://www.ebi.ac.uk/gwas/studies/GCST000070
comorbidity,rheumatoid arthritis,rheumatoid arthritis,GCST000040,17554300,Wellcome Trust Case Control Consortium,2007,Rheumatoid arthritis,False,True,"1,860 European ancestry cases, 2,938 European ancestry controls | NA",https://www.ebi.ac.uk/gwas/studies/GCST000040
comorbidity,rheumatoid arthritis,rheumatoid arthritis,GCST000917,21156761,Padyukov L,2010,Rheumatoid arthritis,False,True,"1,147 European ancestry ACPA positive RA cases, 774 European ancestry ACPA negative RA cases, 1,079 European ancestry controls  | 887 European ancestry ACPA pos",https://www.ebi.ac.uk/gwas/studies/GCST000917
comorbidity,rheumatoid arthritis,rheumatoid arthritis,GCST000232,18794853,Raychaudhuri S,2008,Rheumatoid arthritis,False,True,"3,393 European ancestry cases, 12,460 European ancestry controls | 3,929 European ancestry cases, 5,807 European ancestry controls",https://www.ebi.ac.uk/gwas/studies/GCST000232
comorbidity,rheumatoid arthritis,rheumatoid arthritis,GCST005569,23143596,Eyre S,2012,Rheumatoid arthritis,True,True,"up to 13,838 European ancestry cases, up to 33,742 European ancestry controls | NA",https://www.ebi.ac.uk/gwas/studies/GCST005569
comorbidity,rheumatoid arthritis,rheumatoid arthritis,GCST003620,27193031,Márquez A,2016,Systemic lupus erythematosus or rheumatoid arthritis,False,True,"2,237 European ancestry systemic lupus erythematosus cases, 3,911 European ancestry rheumatoid arthritis cases, 10,398 European ancestry controls | 1,957 Europe",https://www.ebi.ac.uk/gwas/studies/GCST003620
comorbidity,rheumatoid arthritis,rheumatoid arthritis,GCST000217,18668548,Julià A,2008,Rheumatoid arthritis,False,True,"400 European ancestry cases, 400 European ancestry controls | 410 European ancestry cases, 394 European ancestry controls",https://www.ebi.ac.uk/gwas/studies/GCST000217
comorbidity,rheumatoid arthritis,rheumatoid arthritis,GCST005568,23143596,Eyre S,2012,Rheumatoid arthritis (ACPA-positive),False,True,"up to 9,585 European ancestry cases, up to 33,742 European ancestry controls | NA",https://www.ebi.ac.uk/gwas/studies/GCST005568
comorbidity,rheumatoid arthritis,rheumatoid arthritis,GCST005567,23143596,Eyre S,2012,Rheumatoid arthritis (ACPA-negative),False,True,"3,297 European ancestry cases, 15,870 European ancestry controls | NA",https://www.ebi.ac.uk/gwas/studies/GCST005567
comorbidity,rheumatoid arthritis,rheumatoid arthritis,GCST005826,28706201,Wei WH,2017,Sero-negative rheumatoid arthritis,False,True,"3,323 European ancestry cases, 15,785 European ancestry controls | NA",https://www.ebi.ac.uk/gwas/studies/GCST005826
comorbidity,rheumatoid arthritis,rheumatoid arthritis,GCST008719,31407831,Din L,2019,Follicular lymphoma or rheumatoid arthritis,False,True,"2,686 European ancestry follicular lymphoma cases, 3,921 European ancestry rheumatoid arthritis cases, 11,959 European ancestry controls | NA",https://www.ebi.ac.uk/gwas/studies/GCST008719
comorbidity,rheumatoid arthritis,rheumatoid arthritis,GCST008726,31407831,Din L,2019,Marginal zone lymphoma or rheumatoid arthritis,False,True,"741 European ancestry marginal zone lymphoma cases, 3,921 European ancestry rheumatoid arthritis cases, 10,070 European ancestry controls | NA",https://www.ebi.ac.uk/gwas/studies/GCST008726
comorbidity,rheumatoid arthritis,rheumatoid arthritis,GCST008725,31407831,Din L,2019,Diffuse large B-cell lymphoma or rheumatoid arthritis,False,True,"3,617 European ancestry diffuse large B-cell lymphoma cases, 3,921 European ancestry rheumatoid arthritis cases, 11,516 European ancestry controls | NA",https://www.ebi.ac.uk/gwas/studies/GCST008725
comorbidity,rheumatoid arthritis,rheumatoid arthritis,GCST008724,31407831,Din L,2019,Chronic lymphocytic leukemia or rheumatoid arthritis,False,True,"2,492 European ancestry chronic lymphocytic leukemia cases, 3,921 European ancestry rheumatoid arthritis cases, 11,232 European ancestry controls | NA",https://www.ebi.ac.uk/gwas/studies/GCST008724
comorbidity,rheumatoid arthritis,rheumatoid arthritis,GCST007843,30891314,Saad MN,2019,Rheumatoid arthritis,False,True,"868 European ancestry cases, 1,194 European ancestry controls | NA",https://www.ebi.ac.uk/gwas/studies/GCST007843
comorbidity,rheumatoid arthritis,rheumatoid arthritis,GCST006410,26272072,Jiang X,2015,ACPA-positive rheumatoid arthritis (smoking interaction),False,True,"340 European ancestry never-smoker cases, 493 European ancestry ever-smoker cases, 746 European ancestry never-smoker controls, 994 European ancestry ever-smoke",https://www.ebi.ac.uk/gwas/studies/GCST006410
comorbidity,rheumatoid arthritis,rheumatoid arthritis,GCST006807,26272072,Jiang X,2015,ACPA-negative rheumatoid arthritis (smoking interaction),False,True,"340 European ancestry never-smoker cases, 493 European ancestry ever-smoker cases, 746 European ancestry never-smoker controls, 994 European ancestry ever-smoke",https://www.ebi.ac.uk/gwas/studies/GCST006807
comorbidity,rheumatoid arthritis,rheumatoid arthritis,GCST90131437,35470158,Saevarsdottir S,2022,Rheumatoid arthritis,False,True,"26,612 European ancestry cases, 869,454 European ancestry controls, 4,701 cases, 125,923 controls | NA",https://www.ebi.ac.uk/gwas/studies/GCST90131437
comorbidity,rheumatoid arthritis,rheumatoid arthritis,GCST90131438,35470158,Saevarsdottir S,2022,Rheumatoid arthritis (rheumatoid factor and/or anti-cyclic citrullinated peptide seropositive),False,True,"14,551 European ancestry cases, 846,260 European ancestry controls, 3,468 cases, 145,344 controls | NA",https://www.ebi.ac.uk/gwas/studies/GCST90131438
comorbidity,rheumatoid arthritis,rheumatoid arthritis,GCST90131439,35470158,Saevarsdottir S,2022,Rheumatoid arthritis (rheumatoid factor and anti-cyclic citrullinated peptide seronegative),False,True,"7,079 European ancestry cases, 872,159 European ancestry controls, 1,436 cases, 143,312 controls | NA",https://www.ebi.ac.uk/gwas/studies/GCST90131439
comorbidity,rheumatoid arthritis,rheumatoid arthritis,GCST90428832,38616254,Yu X,2024,B-cell lymphoblastic leukemia or rheumatoid arthritis (pleiotropy),False,True,"22,350 European ancestry rheumatoid arthritis cases, 5,321 European ancestry B-ALL cases, 91,489 European ancestry controls | NA",https://www.ebi.ac.uk/gwas/studies/GCST90428832
comorbidity,rheumatoid arthritis,rheumatoid arthritis,GCST90454274,37002690,Zeng Y,2023,Rheumatoid arthritis,False,True,"6,729 European ancestry cases, 370,142 European ancestry controls | NA",https://www.ebi.ac.uk/gwas/studies/GCST90454274
comorbidity,rheumatoid arthritis,rheumatoid arthritis,GCST90014458,34278373,Glanville KP,2021,Rheumatoid arthritis,True,True,"6,360 European ancestry cases, 324,074 European ancestry controls | NA",https://www.ebi.ac.uk/gwas/studies/GCST90014458
comorbidity,rheumatoid arthritis,rheumatoid arthritis,GCST012243,33740106,Liu YQ,2021,Total body bone mineral density or rheumatoid arthritis (pleiotropy),False,True,"66,628 European ancestry individuals with bone mineral density measurement, 58,284 European ancestry individuals with rheumatoid arthritis | NA",https://www.ebi.ac.uk/gwas/studies/GCST012243
comorbidity,rheumatoid arthritis,rheumatoid arthritis,GCST90044540,34737426,Jiang L,2021,Rheumatoid arthritis (PheCode 714.1),True,True,"1,961 European ancestry cases, 454,387 European ancestry controls | NA",https://www.ebi.ac.uk/gwas/studies/GCST90044540
comorbidity,rheumatoid arthritis,rheumatoid arthritis,GCST90044541,34737426,Jiang L,2021,Rheumatoid arthritis and other inflammatory polyarthropathies (PheCode 714),True,True,"232 European ancestry cases, 456,116 European ancestry controls | NA",https://www.ebi.ac.uk/gwas/studies/GCST90044541
comorbidity,rheumatoid arthritis,rheumatoid arthritis,GCST90446530,37947095,Guo Y,2023,Rheumatoid arthritis,False,True,"6,754 European ancestry cases, 452,384 European ancestry controls | NA",https://www.ebi.ac.uk/gwas/studies/GCST90446530
comorbidity,rheumatoid arthritis,rheumatoid arthritis,GCST90129453,37219871,Zorina-Lichtenwalter K,2023,Rheumatoid arthritis,True,True,"8,685 European ancestry cases, 198,125 European ancestry controls | NA",https://www.ebi.ac.uk/gwas/studies/GCST90129453
comorbidity,rheumatoid arthritis,rheumatoid arthritis,GCST90129457,37219871,Zorina-Lichtenwalter K,2023,Seropositive rheumatoid arthritis,True,True,"839 European ancestry cases, 201,957 European ancestry controls | NA",https://www.ebi.ac.uk/gwas/studies/GCST90129457
comorbidity,rheumatoid arthritis,rheumatoid arthritis,GCST90081504,34662886,Backman JD,2021,Rheumatoid arthritis,True,True,"8,561 European ancestry cases, 295,029 European ancestry controls | NA",https://www.ebi.ac.uk/gwas/studies/GCST90081504
comorbidity,rheumatoid arthritis,rheumatoid arthritis,GCST90081859,34662886,Backman JD,2021,Rheumatoid arthritis (Gene-based burden),True,True,"5,095 European ancestry cases, 326,659 European ancestry controls | NA",https://www.ebi.ac.uk/gwas/studies/GCST90081859
comorbidity,rheumatoid arthritis,rheumatoid arthritis,GCST90081860,34662886,Backman JD,2021,ICD10 M06: rheumatoid arthritis (Gene-based burden),True,True,"4,752 European ancestry cases, 324,300 European ancestry controls | NA",https://www.ebi.ac.uk/gwas/studies/GCST90081860
comorbidity,rheumatoid arthritis,rheumatoid arthritis,GCST90727068,41896352,Kim HI,2026,ICD10 M05: Seropositive rheumatoid arthritis,True,True,"139 British Bangladeshi or British Pakistani cases, 43,887 British Bangladeshi or British Pakistani controls | 11,863 British Bangladeshi or British Pakistani i",https://www.ebi.ac.uk/gwas/studies/GCST90727068
comorbidity,rheumatoid arthritis,rheumatoid arthritis,GCST90727069,41896352,Kim HI,2026,ICD10 M06: Other rheumatoid arthritis,True,True,"567 British Bangladeshi or British Pakistani cases, 43,459 British Bangladeshi or British Pakistani controls | 11,863 British Bangladeshi or British Pakistani i",https://www.ebi.ac.uk/gwas/studies/GCST90727069
comorbidity,rheumatoid arthritis,rheumatoid arthritis,GCST90103420,36779085,Fitzgerald T,2022,Source of report of M06 (other rheumatoid arthritis) (UKB data field 131851),True,True,"3,877 European ancestry cases, 166,880 European ancestry controls | NA",https://www.ebi.ac.uk/gwas/studies/GCST90103420
comorbidity,rheumatoid arthritis,rheumatoid arthritis,GCST90084373,34662886,Backman JD,2021,ICD10 M05: Rheumatoid arthritis with rheumatoid factor (Gene-based burden),True,True,"769 European ancestry cases, 387,034 European ancestry controls | NA",https://www.ebi.ac.uk/gwas/studies/GCST90084373
comorbidity,rheumatoid arthritis,rheumatoid arthritis,GCST90084372,34662886,Backman JD,2021,"ICD10 M05.9: Rheumatoid arthritis with rheumatoid factor, unspecified (Gene-based burden)",True,True,"654 European ancestry cases, 387,206 European ancestry controls | NA",https://www.ebi.ac.uk/gwas/studies/GCST90084372
comorbidity,rheumatoid arthritis,rheumatoid arthritis,GCST90084378,34662886,Backman JD,2021,ICD10 M06: Other rheumatoid arthritis (Gene-based burden),True,True,"6,100 European ancestry cases, 379,952 European ancestry controls | NA",https://www.ebi.ac.uk/gwas/studies/GCST90084378
comorbidity,rheumatoid arthritis,rheumatoid arthritis,GCST90084374,34662886,Backman JD,2021,ICD10 M06.0: Rheumatoid arthritis without rheumatoid factor (Gene-based burden),True,True,"706 European ancestry cases, 385,886 European ancestry controls | NA",https://www.ebi.ac.uk/gwas/studies/GCST90084374
comorbidity,rheumatoid arthritis,rheumatoid arthritis,GCST90084377,34662886,Backman JD,2021,"ICD10 M06.9: Rheumatoid arthritis, unspecified (Gene-based burden)",True,True,"5,220 European ancestry cases, 382,668 European ancestry controls | NA",https://www.ebi.ac.uk/gwas/studies/GCST90084377
comorbidity,rheumatoid arthritis,rheumatoid arthritis,GCST90084375,34662886,Backman JD,2021,"ICD10 M06.90: Rheumatoid arthritis, unspecified (Gene-based burden)",True,True,"1,306 European ancestry cases, 386,624 European ancestry controls | NA",https://www.ebi.ac.uk/gwas/studies/GCST90084375
comorbidity,rheumatoid arthritis,rheumatoid arthritis,GCST90084376,34662886,Backman JD,2021,"ICD10 M06.99: Rheumatoid arthritis, unspecified (Gene-based burden)",True,True,"2,622 European ancestry cases, 385,308 European ancestry controls | NA",https://www.ebi.ac.uk/gwas/studies/GCST90084376
comorbidity,rheumatoid arthritis,rheumatoid arthritis,GCST90255367,36762574,Yao M,2023,Severe COVID-19 or rheumatoid arthritis (MTAG),False,True,"13,769 European ancestry severe COVID-19 cases, 14,361 European ancestry RA cases, 1,116,365 European ancestry controls | NA",https://www.ebi.ac.uk/gwas/studies/GCST90255367
comorbidity,rheumatoid arthritis,rheumatoid arthritis,GCST90255368,36762574,Yao M,2023,COVID-19 hospitalization or rheumatoid arthritis (MTAG),False,True,"32,519 European ancestry COVID-19 hospitalization cases, 14,361 European ancestry RA cases, 2,106,728 European ancestry controls | NA",https://www.ebi.ac.uk/gwas/studies/GCST90255368
comorbidity,rheumatoid arthritis,rheumatoid arthritis,GCST90255369,36762574,Yao M,2023,COVID-19 infection or rheumatoid arthritis (MTAG),False,True,"122,616 European ancestry COVID-19 infection cases, 14,361 European ancestry RA cases, 2,519,163 European ancestry controls | NA",https://www.ebi.ac.uk/gwas/studies/GCST90255369
comorbidity,rheumatoid arthritis,rheumatoid arthritis,GCST90132223,36333501,Ishigaki K,2022,Rheumatoid arthritis,True,True,"22,350 European ancestry cases, 74,823 European ancestry controls | NA",https://www.ebi.ac.uk/gwas/studies/GCST90132223
comorbidity,rheumatoid arthritis,rheumatoid arthritis,GCST90132226,36333501,Ishigaki K,2022,Rheumatoid arthritis (rheumatoid factor and/or anti-cyclic citrullinated peptide seropositive),True,True,"17,221 European ancestry cases, 74,823 European ancestry controls | NA",https://www.ebi.ac.uk/gwas/studies/GCST90132226
comorbidity,rheumatoid arthritis,rheumatoid arthritis,GCST90085490,34662886,Backman JD,2021,Rheumatoid arthritis (Gene-based burden),True,True,"8,561 European ancestry cases, 295,029 European ancestry controls | NA",https://www.ebi.ac.uk/gwas/studies/GCST90085490
comorbidity,rheumatoid arthritis,rheumatoid arthritis,GCST90558098,40262193,Shigesi N,2025,Rheumatoid arthritis,True,True,"21,514 European ancestry cases, 363,455 European ancestry controls | NA",https://www.ebi.ac.uk/gwas/studies/GCST90558098
comorbidity,rheumatoid arthritis,rheumatoid arthritis,GCST90558099,40262193,Shigesi N,2025,Rheumatoid arthritis,True,True,"4,662 European ancestry female cases, 162,403 European ancestry female controls | NA",https://www.ebi.ac.uk/gwas/studies/GCST90558099
comorbidity,rheumatoid arthritis,rheumatoid arthritis,GCST90570209,40262193,Shigesi N,2025,Rheumatoid arthritis (MTAG),False,True,"81,247 European ancestry individuals (MTAG effective sample size boosted by osteoarthritis, endometriosis and multiple sclerosis samples) | NA",https://www.ebi.ac.uk/gwas/studies/GCST90570209
comorbidity,rheumatoid arthritis,rheumatoid arthritis,GCST90476228,39024449,Verma A,2024,Rheumatoid arthritis and other inflammatory (PheCode 714),True,True,"13,760 European ancestry cases, 429,528 European ancestry controls | NA",https://www.ebi.ac.uk/gwas/studies/GCST90476228
comorbidity,rheumatoid arthritis,rheumatoid arthritis,GCST90476230,39024449,Verma A,2024,Rheumatoid arthritis (PheCode 714.1),True,True,"10,479 European ancestry cases, 436,161 European ancestry controls | NA",https://www.ebi.ac.uk/gwas/studies/GCST90476230
comorbidity,rheumatoid arthritis,rheumatoid arthritis,GCST90436650,30104761,Zhou W,2018,Rheumatoid arthritis and other inflammatory polyarthropathies (PheCode 714),True,True,"4,879 British ancestry cases, 365,085 British ancestry controls | NA",https://www.ebi.ac.uk/gwas/studies/GCST90436650
comorbidity,rheumatoid arthritis,rheumatoid arthritis,GCST90436651,30104761,Zhou W,2018,Rheumatoid arthritis (PheCode 714.1),True,True,"4,412 British ancestry cases, 365,085 British ancestry controls | NA",https://www.ebi.ac.uk/gwas/studies/GCST90436651
comorbidity,rheumatoid arthritis,rheumatoid arthritis,GCST90479433,39024449,Verma A,2024,Rheumatoid arthritis (PheCode 714.1),True,True,"25,533 European ancestry cases, 290,135 European ancestry controls | NA",https://www.ebi.ac.uk/gwas/studies/GCST90479433
comorbidity,rheumatoid arthritis,rheumatoid arthritis,GCST90479436,39024449,Verma A,2024,Takes medication for Rheumatoid Arthritis?,True,True,"14,438 European ancestry cases, 301,230 European ancestry controls | NA",https://www.ebi.ac.uk/gwas/studies/GCST90479436
comorbidity,rheumatoid arthritis,rheumatoid arthritis,GCST90727265,41896352,Kim HI,2026,Rheumatoid arthritis,True,True,"1,332 British Bangladeshi or British Pakistani cases, 42,694 British Bangladeshi or British Pakistani controls | 11,863 British Bangladeshi or British Pakistani",https://www.ebi.ac.uk/gwas/studies/GCST90727265
comorbidity,rheumatoid arthritis,rheumatoid arthritis,GCST90428109,38368726,Liu R,2024,Hypothyroidism or rheumatoid arthritis (pleiotropy),False,True,"22,350 European ancestry rheumatoid arthritis cases, 51,194 European ancestry hypothyroidism cases, 518,206 European ancestry controls | NA",https://www.ebi.ac.uk/gwas/studies/GCST90428109
comorbidity,rheumatoid arthritis,rheumatoid arthritis,GCST000679,20453842,Stahl EA,2010,Rheumatoid arthritis,True,True,"5,539 European ancestry cases, 20,169 European ancestry controls | 6,768 European ancestry cases, 8,806 European ancestry controls",https://www.ebi.ac.uk/gwas/studies/GCST000679
comorbidity,rheumatoid arthritis,rheumatoid arthritis,GCST90302861,37377963,Wen YP,2023,Rheumatoid arthritis or multiple sclerosis,False,True,"5,082 European ancestry rheumatoid arthritis cases, 1,406 European ancestry multiple sclerosis cases, at least 447,182 European ancestry controls | NA",https://www.ebi.ac.uk/gwas/studies/GCST90302861
comorbidity,rheumatoid arthritis,rheumatoid arthritis,GCST90302862,37377963,Wen YP,2023,Rheumatoid arthritis or inflammatory bowel disease,False,True,"5,082 European ancestry rheumatoid arthritis cases, 3,878 European ancestry inflammatory bowel disease cases, at least 447,182 European ancestry controls | NA",https://www.ebi.ac.uk/gwas/studies/GCST90302862
comorbidity,rheumatoid arthritis,rheumatoid arthritis,GCST90302863,37377963,Wen YP,2023,Rheumatoid arthritis or type 1 diabetes,False,True,"5,082 European ancestry rheumatoid arthritis cases, 181,214 European ancestry type 1 diabetes cases or controls, 447,182 European ancestry controls | NA",https://www.ebi.ac.uk/gwas/studies/GCST90302863
comorbidity,rheumatoid arthritis,rheumatoid arthritis,GCST90691979,40968291,Karczewski KJ,2025,Rheumatoid arthritis and other inflammatory polyarthropathies (PheCode 714),True,True,"6,216 European ancestry cases, 371,238 European ancestry controls | NA",https://www.ebi.ac.uk/gwas/studies/GCST90691979
comorbidity,rheumatoid arthritis,rheumatoid arthritis,GCST90668064,40753274,Newbury A,2025,Rheumatoid arthritis (OHDSI: 196),True,True,"405,811 European ancestry, unknown ancestry individuals | NA",https://www.ebi.ac.uk/gwas/studies/GCST90668064
comorbidity,rheumatoid arthritis,rheumatoid arthritis,GCST90668065,40753274,Newbury A,2025,Rheumatoid arthritis (Phecode: 714.1),True,True,"405,811 European ancestry, unknown ancestry individuals | NA",https://www.ebi.ac.uk/gwas/studies/GCST90668065
comorbidity,rheumatoid arthritis,rheumatoid arthritis,GCST90668066,40753274,Newbury A,2025,Rheumatoid arthritis (2+ condition: 80809),True,True,"405,811 European ancestry, unknown ancestry individuals | NA",https://www.ebi.ac.uk/gwas/studies/GCST90668066
comorbidity,rheumatoid arthritis,rheumatoid arthritis,GCST90474000,40770095,UK Biobank Whole-Genome Sequencing Consortium,2025,ICD10 M05: Seropositive rheumatoid arthritis,True,True,"1,385 Non-Finnish European ancestry cases, 457,055 Non-Finnish European ancestry controls | NA",https://www.ebi.ac.uk/gwas/studies/GCST90474000
comorbidity,rheumatoid arthritis,rheumatoid arthritis,GCST90474002,40770095,UK Biobank Whole-Genome Sequencing Consortium,2025,ICD10 M06: Other rheumatoid arthritis,True,True,"12,034 Non-Finnish European ancestry cases, 446,406 Non-Finnish European ancestry controls | NA",https://www.ebi.ac.uk/gwas/studies/GCST90474002
comorbidity,rheumatoid arthritis,rheumatoid arthritis,GCST90080386,34662886,Backman JD,2021,"ICD10 M05.9: Rheumatoid arthritis with rheumatoid factor, unspecified",True,True,"654 European ancestry cases, 387,206 European ancestry controls | NA",https://www.ebi.ac.uk/gwas/studies/GCST90080386
comorbidity,rheumatoid arthritis,rheumatoid arthritis,GCST90077873,34662886,Backman JD,2021,Rheumatoid arthritis,True,True,"5,095 European ancestry cases, 326,659 European ancestry controls | NA",https://www.ebi.ac.uk/gwas/studies/GCST90077873
comorbidity,rheumatoid arthritis,rheumatoid arthritis,GCST90077874,34662886,Backman JD,2021,ICD10 M06: rheumatoid arthritis,True,True,"4,752 European ancestry cases, 324,300 European ancestry controls | NA",https://www.ebi.ac.uk/gwas/studies/GCST90077874
comorbidity,rheumatoid arthritis,rheumatoid arthritis,GCST90080389,34662886,Backman JD,2021,"ICD10 M06.90: Rheumatoid arthritis, unspecified",True,True,"1,306 European ancestry cases, 386,624 European ancestry controls | NA",https://www.ebi.ac.uk/gwas/studies/GCST90080389
comorbidity,rheumatoid arthritis,rheumatoid arthritis,GCST90080390,34662886,Backman JD,2021,"ICD10 M06.99: Rheumatoid arthritis, unspecified",True,True,"2,622 European ancestry cases, 385,308 European ancestry controls | NA",https://www.ebi.ac.uk/gwas/studies/GCST90080390
comorbidity,rheumatoid arthritis,rheumatoid arthritis,GCST90080391,34662886,Backman JD,2021,"ICD10 M06.9: Rheumatoid arthritis, unspecified",True,True,"5,220 European ancestry cases, 382,668 European ancestry controls | NA",https://www.ebi.ac.uk/gwas/studies/GCST90080391
comorbidity,rheumatoid arthritis,rheumatoid arthritis,GCST90726830,41896352,Kim HI,2026,ICD10 and MULTIPLY SNOMED codelists: Rheumatoid arthritis,True,True,"1,333 British Bangladeshi or British Pakistani cases, 42,693 British Bangladeshi or British Pakistani controls | 11,863 British Bangladeshi or British Pakistani",https://www.ebi.ac.uk/gwas/studies/GCST90726830
comorbidity,rheumatoid arthritis,rheumatoid arthritis,GCST90080387,34662886,Backman JD,2021,ICD10 M05: Rheumatoid arthritis with rheumatoid factor,True,True,"769 European ancestry cases, 387,034 European ancestry controls | NA",https://www.ebi.ac.uk/gwas/studies/GCST90080387
comorbidity,rheumatoid arthritis,rheumatoid arthritis,GCST90080392,34662886,Backman JD,2021,ICD10 M06: Other rheumatoid arthritis,True,True,"6,100 European ancestry cases, 379,952 European ancestry controls | NA",https://www.ebi.ac.uk/gwas/studies/GCST90080392
comorbidity,rheumatoid arthritis,rheumatoid arthritis,GCST90080388,34662886,Backman JD,2021,ICD10 M06.0: Rheumatoid arthritis without rheumatoid factor,True,True,"706 European ancestry cases, 385,886 European ancestry controls | NA",https://www.ebi.ac.uk/gwas/studies/GCST90080388
comorbidity,rheumatoid arthritis,rheumatoid arthritis,GCST90837201,42243103,Nam K,2026,Rheumatoid arthritis,True,True,"26,251 European ancestry cases, 431,261 European ancestry controls | NA",https://www.ebi.ac.uk/gwas/studies/GCST90837201
comorbidity,celiac disease,celiac disease,GCST008489,25920553,Coleman C,2015,Celiac disease,False,True,"425 Irish ancestry cases, 453 Irish ancestry controls | 11,812 European ancestry cases, 229 Indian ancestry cases, 11,837 European ancestry controls, 391 Indian",https://www.ebi.ac.uk/gwas/studies/GCST008489
comorbidity,celiac disease,celiac disease,GCST009874,30572963,Márquez A,2018,Celiac disease,False,True,"11,489 European ancestry cases, 22,308 European ancestry controls  | NA",https://www.ebi.ac.uk/gwas/studies/GCST009874
comorbidity,celiac disease,celiac disease,GCST000157,18311140,Hunt KA,2008,Celiac disease,False,True,"767 European ancestry cases, 1,422 European ancestry controls | 1,643 European ancestry cases, 3,406 European ancestry controls",https://www.ebi.ac.uk/gwas/studies/GCST000157
comorbidity,celiac disease,celiac disease,GCST000955,21298027,Festen EA,2011,Crohn's disease and celiac disease,False,True,"3,230 European ancestry Crohn's disease cases, 768 European ancestry celiac disease cases, 6,251 European ancestry controls | 1,835 European ancestry Crohn's di",https://www.ebi.ac.uk/gwas/studies/GCST000955
comorbidity,celiac disease,celiac disease,GCST000048,17558408,van Heel DA,2007,Celiac disease,False,True,"778 European ancestry cases, 1,422 European ancestry controls | 991 European ancestry cases, 1,489 European ancestry controls",https://www.ebi.ac.uk/gwas/studies/GCST000048
comorbidity,celiac disease,celiac disease,GCST002520,24999842,Garner C,2014,Celiac disease,False,True,"1,550 European ancestry cases, 3,084 European ancestry controls | NA",https://www.ebi.ac.uk/gwas/studies/GCST002520
comorbidity,celiac disease,celiac disease,GCST002112,23936387,Östensson M,2013,Celiac disease,False,True,206 European ancestry trios | NA,https://www.ebi.ac.uk/gwas/studies/GCST002112
comorbidity,celiac disease,celiac disease,GCST005523,22057235,Trynka G,2011,Celiac disease,True,True,"11,812 European ancestry cases, 229 Indian ancestry cases, 11,837 European ancestry controls, 391 Indian ancestry controls | NA",https://www.ebi.ac.uk/gwas/studies/GCST005523
comorbidity,celiac disease,celiac disease,GCST000612,20190752,Dubois PC,2010,Celiac disease,True,True,"4,533 European ancestry cases, 10,750 European ancestry controls | 4,918 European ancestry cases, 5,684 European ancestry controls",https://www.ebi.ac.uk/gwas/studies/GCST000612
comorbidity,celiac disease,celiac disease,GCST90014442,34278373,Glanville KP,2021,Celiac disease,True,True,"2,364 European ancestry cases, 324,074 European ancestry controls | NA",https://www.ebi.ac.uk/gwas/studies/GCST90014442
comorbidity,celiac disease,celiac disease,GCST90014443,34278373,Glanville KP,2021,Celiac disease,True,True,"1,260 European ancestry cases, 324,074 European ancestry controls | NA",https://www.ebi.ac.uk/gwas/studies/GCST90014443
comorbidity,celiac disease,celiac disease,GCST90044158,34737426,Jiang L,2021,Celiac disease (PheCode 557.1),True,True,"1,036 European ancestry cases, 455,312 European ancestry controls | NA",https://www.ebi.ac.uk/gwas/studies/GCST90044158
comorbidity,celiac disease,celiac disease,GCST90078832,34662886,Backman JD,2021,Coeliac disease or gluten sensitivity (UKB data field 21068),True,True,"2,911 European ancestry cases, 151,167 European ancestry controls | NA",https://www.ebi.ac.uk/gwas/studies/GCST90078832
comorbidity,celiac disease,celiac disease,GCST90297616,38185688,Auwerx C,2024,ICD10 K90.0: celiac disease (CNV mirror model),True,True,"2,224 British ancestry cases, 245,689 British ancestry controls | 195 European ancestry cases, 58,647 European ancestry controls",https://www.ebi.ac.uk/gwas/studies/GCST90297616
comorbidity,celiac disease,celiac disease,GCST90080314,34662886,Backman JD,2021,ICD10 K90.0: Celiac disease,True,True,"2,213 European ancestry cases, 385,716 European ancestry controls | 813 European ancestry cases, 111,270 European ancestry controls",https://www.ebi.ac.uk/gwas/studies/GCST90080314
comorbidity,celiac disease,celiac disease,GCST90081845,34662886,Backman JD,2021,Malabsorption coeliac disease (Gene-based burden),True,True,"1,968 European ancestry cases, 329,786 European ancestry controls | NA",https://www.ebi.ac.uk/gwas/studies/GCST90081845
comorbidity,celiac disease,celiac disease,GCST90081846,34662886,Backman JD,2021,ICD10 K90: malabsorption coeliac disease (Gene-based burden),True,True,"1,766 European ancestry cases, 327,286 European ancestry controls | NA",https://www.ebi.ac.uk/gwas/studies/GCST90081846
comorbidity,celiac disease,celiac disease,GCST90558088,40262193,Shigesi N,2025,Coeliac disease,True,True,"7,173 European ancestry cases, 330,282 European ancestry controls | NA",https://www.ebi.ac.uk/gwas/studies/GCST90558088
comorbidity,celiac disease,celiac disease,GCST90558089,40262193,Shigesi N,2025,Coeliac disease,True,True,"1,706 European ancestry female cases, 162,403 European ancestry female controls | NA",https://www.ebi.ac.uk/gwas/studies/GCST90558089
comorbidity,celiac disease,celiac disease,GCST90476741,39024449,Verma A,2024,Takes medication for celiac disease/sprue?,True,True,"832 European ancestry cases, 314,836 European ancestry controls | NA",https://www.ebi.ac.uk/gwas/studies/GCST90476741
comorbidity,celiac disease,celiac disease,GCST90436342,30104761,Zhou W,2018,Celiac disease (PheCode 557.1),True,True,"1,855 British ancestry cases, 334,783 British ancestry controls | NA",https://www.ebi.ac.uk/gwas/studies/GCST90436342
comorbidity,celiac disease,celiac disease,GCST90084300,34662886,Backman JD,2021,ICD10 K90.0: Celiac disease (Gene-based burden),True,True,"2,213 European ancestry cases, 385,716 European ancestry controls | NA",https://www.ebi.ac.uk/gwas/studies/GCST90084300
comorbidity,celiac disease,celiac disease,GCST90077859,34662886,Backman JD,2021,Malabsorption coeliac disease,True,True,"1,968 European ancestry cases, 329,786 European ancestry controls | NA",https://www.ebi.ac.uk/gwas/studies/GCST90077859
comorbidity,celiac disease,celiac disease,GCST90481311,39024449,Verma A,2024,Celiac disease / sprue,False,True,"1,179 European ancestry cases, 314,489 European ancestry controls | NA",https://www.ebi.ac.uk/gwas/studies/GCST90481311
comorbidity,celiac disease,celiac disease,GCST90482158,39024449,Verma A,2024,Celiac disease (PheCode 557.1),False,True,"1,391 European ancestry cases, 449,516 European ancestry controls | NA",https://www.ebi.ac.uk/gwas/studies/GCST90482158
comorbidity,celiac disease,celiac disease,GCST90297670,38185688,Auwerx C,2024,ICD10 K90.0: celiac disease (CNV U-shape model),True,True,"2,224 British ancestry cases, 245,689 British ancestry controls | 195 European ancestry cases, 58,647 European ancestry controls",https://www.ebi.ac.uk/gwas/studies/GCST90297670
comorbidity,celiac disease,celiac disease,GCST90297717,38185688,Auwerx C,2024,ICD10 K90.0: celiac disease (CNV duplication-only model),True,True,"2,224 British ancestry cases, 245,689 British ancestry controls | 195 European ancestry cases, 58,647 European ancestry controls",https://www.ebi.ac.uk/gwas/studies/GCST90297717
comorbidity,celiac disease,celiac disease,GCST90468120,39789286,Loya H,2025,Coeliac disease,True,True,"394,626 European ancestry individuals | NA",https://www.ebi.ac.uk/gwas/studies/GCST90468120
comorbidity,celiac disease,celiac disease,GCST90726681,41896352,Kim HI,2026,Coeliac disease,True,True,"140 British Bangladeshi or British Pakistani cases, 43,886 British Bangladeshi or British Pakistani controls | 11,863 British Bangladeshi or British Pakistani i",https://www.ebi.ac.uk/gwas/studies/GCST90726681
comorbidity,celiac disease,celiac disease,GCST90077860,34662886,Backman JD,2021,ICD10 K90: malabsorption coeliac disease,True,True,"1,766 European ancestry cases, 327,286 European ancestry controls | NA",https://www.ebi.ac.uk/gwas/studies/GCST90077860
comorbidity,celiac disease,celiac disease,GCST90082818,34662886,Backman JD,2021,Coeliac disease or gluten sensitivity (UKB data field 21068) (Gene-based burden),True,True,"2,911 European ancestry cases, 151,167 European ancestry controls | NA",https://www.ebi.ac.uk/gwas/studies/GCST90082818
comorbidity,type 1 diabetes,type 1 diabetes mellitus,GCST010681,32005708,Forgetta V,2020,Type 1 diabetes,True,True,"9,266 European ancestry cases, 15,574 European ancestry controls | 4,329 European ancestry cases, 9,543 European ancestry controls",https://www.ebi.ac.uk/gwas/studies/GCST010681
comorbidity,type 1 diabetes,type 1 diabetes mellitus,GCST011539,33830302,Inshaw JRJ,2021,Type 1 or type 2 diabetes (pleiotropy),False,True,"81,591 European ancestry cases, 834,224 European ancestry controls | NA",https://www.ebi.ac.uk/gwas/studies/GCST011539
comorbidity,type 1 diabetes,type 1 diabetes mellitus,GCST90000529,33830302,Inshaw JRJ,2021,Type 1 diabetes,True,True,"7,467 European ancestry cases, 10,218 European ancestry controls | NA",https://www.ebi.ac.uk/gwas/studies/GCST90000529
comorbidity,type 1 diabetes,type 1 diabetes mellitus,GCST90013446,34127860,Robertson CC,2021,Type 1 diabetes,True,True,"13,458 non-Finnish Europeans ancestry cases, 20,143 non-Finnish Europeans ancestry controls | NA",https://www.ebi.ac.uk/gwas/studies/GCST90013446
comorbidity,type 1 diabetes,type 1 diabetes mellitus,GCST002876,25936594,Tomer Y,2015,Type 1 diabetes and autoimmune thyroid diseases,False,True,"346 European ancestry cases, 727 European ancestry controls | 185 European ancestry cases, 340 European ancestry controls",https://www.ebi.ac.uk/gwas/studies/GCST002876
comorbidity,type 1 diabetes,type 1 diabetes mellitus,GCST000054,17632545,Hakonarson H,2007,Type 1 diabetes,False,True,"467 European ancestry trios, 561 European ancestry cases, 1,143 European ancestry controls | 390 European ancestry trios, 1,333 European ancestry cases from 549",https://www.ebi.ac.uk/gwas/studies/GCST000054
comorbidity,type 1 diabetes,type 1 diabetes mellitus,GCST000141,18198356,Hakonarson H,2008,Type 1 diabetes,False,True,"467 European ancestry trios, 561 European ancestry cases, 1,143 European ancestry controls | 946 European ancestry cases and 1,098 European ancestry controls fr",https://www.ebi.ac.uk/gwas/studies/GCST000141
comorbidity,type 1 diabetes,type 1 diabetes mellitus,GCST001479,22526605,Howson JM,2012,Type 1 diabetes autoantibodies,False,True,"Up to 2,142 European ancestry cases | 855 European ancestry affected family members",https://www.ebi.ac.uk/gwas/studies/GCST001479
comorbidity,type 1 diabetes,type 1 diabetes mellitus,GCST000038,17554260,Todd JA,2007,Type 1 diabetes,False,True,"2,000 European ancestry cases, 3,000 European ancestry controls | 2,997 European ancestry trios, 4,000 European ancestry cases, 5,000 European ancestry controls",https://www.ebi.ac.uk/gwas/studies/GCST000038
comorbidity,type 1 diabetes,type 1 diabetes mellitus,GCST000244,18840781,Grant SF,2008,Type 1 diabetes,False,True,"563 European ancestry cases, 1,146 European ancestry controls, 483 European ancestry trios | 3,303 European ancestry cases, 4,673 European ancestry controls
",https://www.ebi.ac.uk/gwas/studies/GCST000244
comorbidity,type 1 diabetes,type 1 diabetes mellitus,GCST000258,18978792,Cooper JD,2008,Type 1 diabetes,False,True,"3,561 European ancestry cases, 4,646 European ancestry controls | 6,225 European ancestry cases, 6,946 European ancestry controls, 3,064 European ancestry trios",https://www.ebi.ac.uk/gwas/studies/GCST000258
comorbidity,type 1 diabetes,type 1 diabetes mellitus,GCST000539,19966805,Wallace C,2009,Type 1 diabetes,False,True,"7,514 European ancestry cases, 9,045 European ancestry controls | 4,840 European ancestry cases, 2,670 European ancestry controls, 5,766 European ancestry famil",https://www.ebi.ac.uk/gwas/studies/GCST000539
comorbidity,type 1 diabetes,type 1 diabetes mellitus,GCST000043,17554300,Wellcome Trust Case Control Consortium,2007,Type 1 diabetes,False,True,"1,963 European ancestry cases, 2,938 European ancestry controls | (see Todd 2007)",https://www.ebi.ac.uk/gwas/studies/GCST000043
comorbidity,type 1 diabetes,type 1 diabetes mellitus,GCST001394,22293688,Huang J,2012,Type 1 diabetes,False,True,"16,179 European ancestry individuals | NA",https://www.ebi.ac.uk/gwas/studies/GCST001394
comorbidity,type 1 diabetes,type 1 diabetes mellitus,GCST90000181,34302048,Qu HQ,2021,Type 1 diabetes with low genetic risk score,True,True,"957 European ancestry cases, 12,323 European ancestry controls | NA",https://www.ebi.ac.uk/gwas/studies/GCST90000181
comorbidity,type 1 diabetes,type 1 diabetes mellitus,GCST012179,34302048,Qu HQ,2021,Type 1 diabetes,False,True,"6,599 European ancestry cases, 12,323 European ancestry controls | NA",https://www.ebi.ac.uk/gwas/studies/GCST012179
comorbidity,type 1 diabetes,type 1 diabetes mellitus,GCST000392,19430480,Barrett JC,2009,Type 1 diabetes,True,True,"7,514 European ancestry cases, 9,045 European ancestry controls | 4,267 European ancestry cases, 4,670 European ancestry controls, 4,342 European ancestry trios",https://www.ebi.ac.uk/gwas/studies/GCST000392
comorbidity,type 1 diabetes,type 1 diabetes mellitus,GCST001191,21829393,Plagnol V,2011,Type 1 diabetes,False,True,"8,506 European ancestry cases, up to 10,596 European ancestry controls | NA",https://www.ebi.ac.uk/gwas/studies/GCST001191
comorbidity,type 1 diabetes,type 1 diabetes mellitus,GCST001255,21980299,Bradfield JP,2011,Type 1 diabetes,True,True,"9,934 European ancestry cases, 16,956 European ancestry controls | 1,120 European ancestry affected trios",https://www.ebi.ac.uk/gwas/studies/GCST001255
comorbidity,type 1 diabetes,type 1 diabetes mellitus,GCST005536,25751624,Onengut-Gumuscu S,2015,Type 1 diabetes,True,True,"6,683 European ancestry cases, 12,173 European ancestry controls, 2,601 European ancestry affected sibling pair families, 69 European ancestry trios | NA",https://www.ebi.ac.uk/gwas/studies/GCST005536
comorbidity,type 1 diabetes,type 1 diabetes mellitus,GCST006196,29310926,Sharma A,2018,Type 1 diabetes in high risk HLA genotype individuals (time to event),False,True,"5,806 European ancestry children | NA",https://www.ebi.ac.uk/gwas/studies/GCST006196
comorbidity,type 1 diabetes,type 1 diabetes mellitus,GCST007247,30254083,Cousminer DL,2018,Latent autoimmune diabetes vs. type 1 diabetes,False,True,"2,454 European ancestry latent autoimmune diabetes cases, 968 European ancestry type 1 diabetes cases | NA",https://www.ebi.ac.uk/gwas/studies/GCST007247
comorbidity,type 1 diabetes,type 1 diabetes mellitus,GCST006197,29310926,Sharma A,2018,Type 1 diabetes autoantibodies in high risk HLA genotype individuals (time to event),False,True,"5,806 European ancestry children | NA",https://www.ebi.ac.uk/gwas/studies/GCST006197
comorbidity,type 1 diabetes,type 1 diabetes mellitus,GCST90428836,38616254,Yu X,2024,B-cell lymphoblastic leukemia or type 1 diabetes (pleiotropy),False,True,"6,447 European ancestry type 1 diabetes cases, 5,321 European ancestry B-ALL cases, 467,914 European ancestry controls | NA",https://www.ebi.ac.uk/gwas/studies/GCST90428836
comorbidity,type 1 diabetes,type 1 diabetes mellitus,GCST90454277,37002690,Zeng Y,2023,Insulin-dependent diabetes mellitus,False,True,"3,329 European ancestry cases, 373,542 European ancestry controls | NA",https://www.ebi.ac.uk/gwas/studies/GCST90454277
comorbidity,type 1 diabetes,type 1 diabetes mellitus,GCST90013891,34017140,Mbatchou J,2021,Type 1 diabetes (Firth correction),True,True,"407,746 British ancestry individuals | NA",https://www.ebi.ac.uk/gwas/studies/GCST90013891
comorbidity,type 1 diabetes,type 1 diabetes mellitus,GCST90013941,34017140,Mbatchou J,2021,Type 1 diabetes (SPA correction),True,True,"407,746 British ancestry individuals | NA",https://www.ebi.ac.uk/gwas/studies/GCST90013941
comorbidity,type 1 diabetes,type 1 diabetes mellitus,GCST90014464,34278373,Glanville KP,2021,Type 1 diabetes,True,True,"2,751 European ancestry cases, 324,074 European ancestry controls | NA",https://www.ebi.ac.uk/gwas/studies/GCST90014464
comorbidity,type 1 diabetes,type 1 diabetes mellitus,GCST90014023,34012112,Chiou J,2021,Type 1 diabetes,True,True,"18,942 European ancestry cases, 501,638 European ancestry controls | NA",https://www.ebi.ac.uk/gwas/studies/GCST90014023
comorbidity,type 1 diabetes,type 1 diabetes mellitus,GCST011773,33179336,Syreeni A,2020,Type 1 diabetes (age at diagnosis),False,True,"12,539 European ancestry individuals | NA",https://www.ebi.ac.uk/gwas/studies/GCST011773
comorbidity,type 1 diabetes,type 1 diabetes mellitus,GCST90014465,34278373,Glanville KP,2021,Type 1 diabetes,True,True,"2,292 European ancestry cases, 324,074 European ancestry controls | NA",https://www.ebi.ac.uk/gwas/studies/GCST90014465
comorbidity,type 1 diabetes,type 1 diabetes mellitus,GCST90043633,34737426,Jiang L,2021,Type 1 diabetes with ketoacidosis (PheCode 250.11),True,True,"228 European ancestry cases, 456,120 European ancestry controls | NA",https://www.ebi.ac.uk/gwas/studies/GCST90043633
comorbidity,type 1 diabetes,type 1 diabetes mellitus,GCST90043634,34737426,Jiang L,2021,Type 1 diabetes with ophthalmic manifestations (PheCode 250.13),True,True,"213 European ancestry cases, 456,135 European ancestry controls | NA",https://www.ebi.ac.uk/gwas/studies/GCST90043634
comorbidity,type 1 diabetes,type 1 diabetes mellitus,GCST90043635,34737426,Jiang L,2021,Type 1 diabetes (PheCode 250.1),True,True,"367 European ancestry cases, 455,981 European ancestry controls | NA",https://www.ebi.ac.uk/gwas/studies/GCST90043635
comorbidity,type 1 diabetes,type 1 diabetes mellitus,GCST90013791,39749473,Crouch DJM,2025,Type 1 diabetes,True,True,"15,573 European ancestry cases, 158,408 European ancestry controls | NA",https://www.ebi.ac.uk/gwas/studies/GCST90013791
comorbidity,type 1 diabetes,type 1 diabetes mellitus,GCST90726724,41896352,Kim HI,2026,ICD10 E10: Type 1 diabetes mellitus,True,True,"477 British Bangladeshi or British Pakistani cases, 43,549 British Bangladeshi or British Pakistani controls | 11,863 British Bangladeshi or British Pakistani i",https://www.ebi.ac.uk/gwas/studies/GCST90726724
comorbidity,type 1 diabetes,type 1 diabetes mellitus,GCST90079733,34662886,Backman JD,2021,ICD10 E10: Type 1 diabetes mellitus,True,True,"3,971 European ancestry cases, 383,232 European ancestry controls | NA",https://www.ebi.ac.uk/gwas/studies/GCST90079733
comorbidity,type 1 diabetes,type 1 diabetes mellitus,GCST90281118,36808568,Islam MR,2023,Migraine or type 1 diabetes,False,True,"102,084 European ancestry migraine cases, 771,257 European ancestry controls without migraine, 3,250 European ancestry type 1 diabetes cases, 396,181 European a",https://www.ebi.ac.uk/gwas/studies/GCST90281118
comorbidity,type 1 diabetes,type 1 diabetes mellitus,GCST90281125,36808568,Islam MR,2023,Headache or type 1 diabetes,False,True,"84,036 European ancestry headache cases, 335,552 European ancestry controls without headache, 3,250 European ancestry type 1 diabetes cases, 396,181 European an",https://www.ebi.ac.uk/gwas/studies/GCST90281125
comorbidity,type 1 diabetes,type 1 diabetes mellitus,GCST90297605,38185688,Auwerx C,2024,ICD10 E10: type 1 diabetes (CNV mirror model),True,True,"2,998 British ancestry cases, 285,132 British ancestry controls | 1,031 European ancestry cases, 71,638 European ancestry controls",https://www.ebi.ac.uk/gwas/studies/GCST90297605
comorbidity,type 1 diabetes,type 1 diabetes mellitus,GCST90103390,36779085,Fitzgerald T,2022,Source of report of E10 (insulin-dependent diabetes mellitus) (UKB data field 130707),True,True,"1,467 European ancestry cases, 169,290 European ancestry controls | NA",https://www.ebi.ac.uk/gwas/studies/GCST90103390
comorbidity,type 1 diabetes,type 1 diabetes mellitus,GCST90633788,41724362,Qu HQ,2026,Type 1 diabetes x sex interaction,True,True,"6,599 European ancestry cases, 12,350 European ancestry controls | NA",https://www.ebi.ac.uk/gwas/studies/GCST90633788
comorbidity,type 1 diabetes,type 1 diabetes mellitus,GCST90633789,41724362,Qu HQ,2026,Type 1 diabetes,True,True,"3,109 European ancestry female cases, 5,658 European ancestry female controls | NA",https://www.ebi.ac.uk/gwas/studies/GCST90633789
comorbidity,type 1 diabetes,type 1 diabetes mellitus,GCST90633790,41724362,Qu HQ,2026,Type 1 diabetes,True,True,"3,483 European ancestry male cases, 6,665 European ancestry male controls | NA",https://www.ebi.ac.uk/gwas/studies/GCST90633790
comorbidity,type 1 diabetes,type 1 diabetes mellitus,GCST90824166,41724362,Qu HQ,2026,Type 1 diabetes,False,True,"6,599 European ancestry cases, 12,350 European ancestry controls | NA",https://www.ebi.ac.uk/gwas/studies/GCST90824166
comorbidity,type 1 diabetes,type 1 diabetes mellitus,GCST90475661,39024449,Verma A,2024,Type 1 diabetes (PheCode 250.1),True,True,"16,971 European ancestry cases, 418,767 European ancestry controls | NA",https://www.ebi.ac.uk/gwas/studies/GCST90475661
comorbidity,type 1 diabetes,type 1 diabetes mellitus,GCST90475663,39024449,Verma A,2024,Type 1 diabetes with ophthalmic manifestations (PheCode 250.13),True,True,"2,517 European ancestry cases, 445,450 European ancestry controls | NA",https://www.ebi.ac.uk/gwas/studies/GCST90475663
comorbidity,type 1 diabetes,type 1 diabetes mellitus,GCST90475664,39024449,Verma A,2024,Type 1 diabetes with neurological manifestations (PheCode 250.14),True,True,"3,812 European ancestry cases, 443,756 European ancestry controls | NA",https://www.ebi.ac.uk/gwas/studies/GCST90475664
comorbidity,type 1 diabetes,type 1 diabetes mellitus,GCST90854199,40973091,Dai J,2025,Insulin-dependent diabetes mellitus,False,True,"4,510 European ancestry cases, 454,975 European ancestry controls | NA",https://www.ebi.ac.uk/gwas/studies/GCST90854199
comorbidity,type 1 diabetes,type 1 diabetes mellitus,GCST90854200,40973091,Dai J,2025,Insulin-dependent diabetes mellitus,False,True,"4,510 European ancestry cases, 454,975 European ancestry controls | NA",https://www.ebi.ac.uk/gwas/studies/GCST90854200
comorbidity,type 1 diabetes,type 1 diabetes mellitus,GCST90854201,40973091,Dai J,2025,Insulin-dependent diabetes mellitus,False,True,"1,247 European ancestry cases, 139,834 European ancestry controls | NA",https://www.ebi.ac.uk/gwas/studies/GCST90854201
comorbidity,type 1 diabetes,type 1 diabetes mellitus,GCST90435701,30104761,Zhou W,2018,Type 1 diabetes (PheCode 250.1),True,True,"2,660 British ancestry cases, 388,756 British ancestry controls | NA",https://www.ebi.ac.uk/gwas/studies/GCST90435701
comorbidity,type 1 diabetes,type 1 diabetes mellitus,GCST90432066,38453145,Michalek DA,2024,Type 1 diabetes,True,True,"3,428 European ancestry cases, 3,428 European ancestry controls | NA",https://www.ebi.ac.uk/gwas/studies/GCST90432066
comorbidity,type 1 diabetes,type 1 diabetes mellitus,GCST90727285,41896352,Kim HI,2026,Type 1 diabetes,True,True,"504 British Bangladeshi or British Pakistani cases, 43,522 British Bangladeshi or British Pakistani controls | 11,863 British Bangladeshi or British Pakistani i",https://www.ebi.ac.uk/gwas/studies/GCST90727285
comorbidity,type 1 diabetes,type 1 diabetes mellitus,GCST90079732,34662886,Backman JD,2021,ICD10 E10.9: Type 1 diabetes mellitus without complications,True,True,"3,628 European ancestry cases, 383,813 European ancestry controls | NA",https://www.ebi.ac.uk/gwas/studies/GCST90079732
comorbidity,type 1 diabetes,type 1 diabetes mellitus,GCST90083719,34662886,Backman JD,2021,ICD10 E10: Type 1 diabetes mellitus (Gene-based burden),True,True,"3,971 European ancestry cases, 383,232 European ancestry controls | NA",https://www.ebi.ac.uk/gwas/studies/GCST90083719
comorbidity,type 1 diabetes,type 1 diabetes mellitus,GCST90083718,34662886,Backman JD,2021,ICD10 E10.9: Type 1 diabetes mellitus without complications (Gene-based burden),True,True,"3,628 European ancestry cases, 383,813 European ancestry controls | NA",https://www.ebi.ac.uk/gwas/studies/GCST90083718
comorbidity,type 1 diabetes,type 1 diabetes mellitus,GCST90297659,38185688,Auwerx C,2024,ICD10 E10: type 1 diabetes (CNV U-shape model),True,True,"2,998 British ancestry cases, 285,132 British ancestry controls | 1,031 European ancestry cases, 71,638 European ancestry controls",https://www.ebi.ac.uk/gwas/studies/GCST90297659
comorbidity,type 1 diabetes,type 1 diabetes mellitus,GCST90297708,38185688,Auwerx C,2024,ICD10 E10: type 1 diabetes (CNV duplication-only model),True,True,"2,998 British ancestry cases, 285,132 British ancestry controls | 1,031 European ancestry cases, 71,638 European ancestry controls",https://www.ebi.ac.uk/gwas/studies/GCST90297708
comorbidity,type 1 diabetes,type 1 diabetes mellitus,GCST90297755,38185688,Auwerx C,2024,ICD10 E10: type 1 diabetes (CNV deletion-only model),True,True,"2,998 British ancestry cases, 285,132 British ancestry controls | 1,031 European ancestry cases, 71,638 European ancestry controls",https://www.ebi.ac.uk/gwas/studies/GCST90297755
comorbidity,type 1 diabetes,type 1 diabetes mellitus,GCST90473169,40770095,UK Biobank Whole-Genome Sequencing Consortium,2025,ICD10 E10: Insulin-dependent diabetes mellitus,True,True,"4,652 Non-Finnish European ancestry cases, 453,788 Non-Finnish European ancestry controls | NA",https://www.ebi.ac.uk/gwas/studies/GCST90473169
comorbidity,type 1 diabetes,type 1 diabetes mellitus,GCST90081525,34662886,Backman JD,2021,Probable type 1 diabetes,True,True,"1,290 European ancestry cases, 408,623 European ancestry controls | NA",https://www.ebi.ac.uk/gwas/studies/GCST90081525
comorbidity,type 1 diabetes,type 1 diabetes mellitus,GCST90085511,34662886,Backman JD,2021,Probable type 1 diabetes (Gene-based burden),True,True,"1,290 European ancestry cases, 408,623 European ancestry controls | NA",https://www.ebi.ac.uk/gwas/studies/GCST90085511
comorbidity,type 1 diabetes,type 1 diabetes mellitus,GCST90824163,42062540,McGrail C,2026,Type 1 diabetes,True,True,"20,355 European ancestry cases, 797,363 European ancestry controls | NA",https://www.ebi.ac.uk/gwas/studies/GCST90824163
comorbidity,multiple sclerosis,multiple sclerosis,GCST008723,31407831,Din L,2019,Marginal zone lymphoma or multiple sclerosis,False,True,"741 European ancestry marginal zone lymphoma cases, 9,772 European ancestry multiple sclerosis cases, 23,367 European ancestry controls | NA",https://www.ebi.ac.uk/gwas/studies/GCST008723
comorbidity,multiple sclerosis,multiple sclerosis,GCST009597,31604244,International Multiple Sclerosis Genetics Consortium,2019,Multiple sclerosis,False,True,"14,802 European and unknown ancestry cases, 26,703 European and unknown ancestry controls | 32,627 European and unknown ancestry cases, 41,672 European and unkn",https://www.ebi.ac.uk/gwas/studies/GCST009597
comorbidity,multiple sclerosis,multiple sclerosis,GCST011678,33296963,Brugger SW,2020,Depression in multiple sclerosis (post-diagnosis),False,True,"130 European ancestry cases, 1,180 European ancestry controls | NA",https://www.ebi.ac.uk/gwas/studies/GCST011678
comorbidity,multiple sclerosis,multiple sclerosis,GCST011679,33296963,Brugger SW,2020,Depression in multiple sclerosis (pre-diagnosis),False,True,"27 European ancestry cases, 1,180 European ancestry controls | NA",https://www.ebi.ac.uk/gwas/studies/GCST011679
comorbidity,multiple sclerosis,multiple sclerosis,GCST011680,33296963,Brugger SW,2020,Depression in multiple sclerosis,False,True,"182 European ancestry cases, 1,180 European ancestry controls | NA",https://www.ebi.ac.uk/gwas/studies/GCST011680
comorbidity,multiple sclerosis,multiple sclerosis,GCST90014448,34278373,Glanville KP,2021,Multiple sclerosis,True,True,"1,683 European ancestry cases, 324,074 European ancestry controls | NA",https://www.ebi.ac.uk/gwas/studies/GCST90014448
comorbidity,multiple sclerosis,multiple sclerosis,GCST001860,23412934,Gourraud PA,2013,Multiple sclerosis,False,True,284 European ancestry individuals,https://www.ebi.ac.uk/gwas/studies/GCST001860
comorbidity,multiple sclerosis,multiple sclerosis,GCST001891,23472185,Mero IL,2013,Multiple sclerosis (OCB status),False,True,"1,367 European ancestry OCB positive cases, 161 European ancestry OCB negative cases | 3,029 European ancestry OCB positive cases, 374 European ancestry OCB neg",https://www.ebi.ac.uk/gwas/studies/GCST001891
comorbidity,multiple sclerosis,multiple sclerosis,GCST000263,18997785,Aulchenko YS,2008,Multiple sclerosis,False,True,"45 European ancestry cases,195 European ancestry controls | 1,316 European ancestry cases, 1,423 European ancestry controls, 1,318 cases and 1,507 controls from",https://www.ebi.ac.uk/gwas/studies/GCST000263
comorbidity,multiple sclerosis,multiple sclerosis,GCST000425,19525955,Bahlo M,2009,Multiple sclerosis,False,True,"1,618 European ancestry cases, 3,413 European ancestry controls | 2,256 European ancestry cases, 2,310 European ancestry controls",https://www.ebi.ac.uk/gwas/studies/GCST000425
comorbidity,multiple sclerosis,multiple sclerosis,GCST000680,20453840,Sanna S,2010,Multiple sclerosis,False,True,"882 Sardinian cases, 872 Sardinian controls | 1,775 Sardinian cases, 2,005 Sardinian controls",https://www.ebi.ac.uk/gwas/studies/GCST000680
comorbidity,multiple sclerosis,multiple sclerosis,GCST000577,20117844,Brynedal B,2010,Multiple sclerosis (severity),False,True,"1,040 European ancestry cases | 873 European ancestry cases",https://www.ebi.ac.uk/gwas/studies/GCST000577
comorbidity,multiple sclerosis,multiple sclerosis,GCST001096,21654844,Briggs FB,2011,Multiple sclerosis,False,True,"1,470 European ancestry cases | NA",https://www.ebi.ac.uk/gwas/studies/GCST001096
comorbidity,multiple sclerosis,multiple sclerosis,GCST001341,22190364,Patsopoulos NA,2011,Multiple sclerosis,False,True,"5,545 European ancestry cases, 12,153 European ancestry controls | NA",https://www.ebi.ac.uk/gwas/studies/GCST001341
comorbidity,multiple sclerosis,multiple sclerosis,GCST001459,22457343,Martinelli-Boneschi F,2012,Multiple sclerosis,False,True,"197 European ancestry cases, 234 European ancestry controls | 379 European ancestry cases, 398 European ancestry controls",https://www.ebi.ac.uk/gwas/studies/GCST001459
comorbidity,multiple sclerosis,multiple sclerosis,GCST001505,22570697,Matesanz F,2012,Multiple sclerosis,False,True,"2,127 European ancestry cases, 4,558 European ancestry controls | 2,785 European ancestry cases, 2,940 European ancestry controls",https://www.ebi.ac.uk/gwas/studies/GCST001505
comorbidity,multiple sclerosis,multiple sclerosis,GCST001892,23472185,Mero IL,2013,Multiple sclerosis (OCB status),False,True,"1,367 European ancestry OCB positive cases, 161 European ancestry OCB negative cases, 428 European ancestry controls | NA",https://www.ebi.ac.uk/gwas/studies/GCST001892
comorbidity,multiple sclerosis,multiple sclerosis,GCST002072,23785401,Leone MA,2013,Multiple sclerosis (OCB status),False,True,"49 European ancestry OCB negative cases, 513 European ancestry OCB positive cases | 200 European ancestry OCB negative cases, 1684 European ancestry OCB positiv",https://www.ebi.ac.uk/gwas/studies/GCST002072
comorbidity,multiple sclerosis,multiple sclerosis,GCST000062,17660530,Hafler DA,2007,Multiple sclerosis,False,True,"931 European ancestry trios, 2,431 European ancestry controls | 609 European ancestry trios, 2,322 European ancestry cases, 2,987 European ancestry controls",https://www.ebi.ac.uk/gwas/studies/GCST000062
comorbidity,multiple sclerosis,multiple sclerosis,GCST000252,18941528,Comabella M,2008,Multiple sclerosis,False,True,"242 European ancestry cases, 242 European ancestry controls | 553 European ancestry cases, 1,033 European ancestry controls",https://www.ebi.ac.uk/gwas/studies/GCST000252
comorbidity,multiple sclerosis,multiple sclerosis,GCST000424,19525953,De Jager PL,2009,Multiple sclerosis,False,True,"2,624 European ancestry cases, 7,220 European ancestry controls | 2,215 European ancestry cases, 2,116 European ancestry controls",https://www.ebi.ac.uk/gwas/studies/GCST000424
comorbidity,multiple sclerosis,multiple sclerosis,GCST000593,20159113,Jakkula E,2010,Multiple sclerosis,False,True,"68 Finland founder cases, 136 Finland founder controls | 83 Finland founder cases, 365 Finland founder controls 3,285 European ancestry cases, 6,379 European an",https://www.ebi.ac.uk/gwas/studies/GCST000593
comorbidity,multiple sclerosis,multiple sclerosis,GCST000716,20598377,Nischwitz S,2010,Multiple sclerosis,False,True,"590 European ancestry cases, 825 European ancestry controls | NA",https://www.ebi.ac.uk/gwas/studies/GCST000716
comorbidity,multiple sclerosis,multiple sclerosis,GCST000269,19010793,Baranzini SE,2008,Multiple sclerosis,False,True,"978 European ancestry cases, 883 European ancestry controls | NA",https://www.ebi.ac.uk/gwas/studies/GCST000269
comorbidity,multiple sclerosis,multiple sclerosis,GCST000266,19010793,Baranzini SE,2008,Multiple sclerosis (severity),False,True,"794 European ancestry cases, 883 European ancestry controls | NA",https://www.ebi.ac.uk/gwas/studies/GCST000266
comorbidity,multiple sclerosis,multiple sclerosis,GCST000268,19010793,Baranzini SE,2008,Normalized brain volume,False,True,"753 European ancestry cases, 883 European ancestry controls | NA",https://www.ebi.ac.uk/gwas/studies/GCST000268
comorbidity,multiple sclerosis,multiple sclerosis,GCST000265,19010793,Baranzini SE,2008,Brain lesion load,False,True,"791 European ancestry cases, 883 European ancestry controls | NA",https://www.ebi.ac.uk/gwas/studies/GCST000265
comorbidity,multiple sclerosis,multiple sclerosis,GCST003340,26819262,Zhou Y,2016,Epstein Barr virus nuclear antigen 1 IgG levels or multiple sclerosis,False,True,"3,599 individuals, 1,956 Mexican American individuals, 5,545 European ancestry multiple sclerosis cases, 12,153 European ancestry non-multiple sclerosis control",https://www.ebi.ac.uk/gwas/studies/GCST003340
comorbidity,multiple sclerosis,multiple sclerosis,GCST003566,27386562,Andlauer TF,2016,Multiple sclerosis,True,True,"4,888 German ancestry cases, 10,395 German ancestry controls | 2,903 Sardinian ancestry cases, 3,323 Sardinian ancestry controls",https://www.ebi.ac.uk/gwas/studies/GCST003566
comorbidity,multiple sclerosis,multiple sclerosis,GCST004290,28445677,Steri M,2017,Multiple sclerosis,False,True,"2,273 Sardinian cases, 2,148 Sardinian controls | 6,840 European ancestry cases, 661 Sardinian cases, 3,176 cases, 6,044 European ancestry controls, 1,244 Sardi",https://www.ebi.ac.uk/gwas/studies/GCST004290
comorbidity,multiple sclerosis,multiple sclerosis,GCST001198,21833088,Sawcer S,2011,Multiple sclerosis,True,True,"9,772 European ancestry cases, 16,849 European ancestry controls | 4,218 European ancestry cases, 7,296 European ancestry controls",https://www.ebi.ac.uk/gwas/studies/GCST001198
comorbidity,multiple sclerosis,multiple sclerosis,GCST005531,24076602,Beecham AH,2013,Multiple sclerosis,True,True,"14,498 European ancestry cases, 24,091 European ancestry controls | 14,802 European ancestry cases, 26,703 European ancestry controls",https://www.ebi.ac.uk/gwas/studies/GCST005531
comorbidity,multiple sclerosis,multiple sclerosis,GCST008718,31407831,Din L,2019,Follicular lymphoma or multiple sclerosis,False,True,"2,686 European ancestry follicular lymphoma cases, 9,772 European ancestry multiple sclerosis cases, 25,256 European ancestry controls | NA",https://www.ebi.ac.uk/gwas/studies/GCST008718
comorbidity,multiple sclerosis,multiple sclerosis,GCST008721,31407831,Din L,2019,Chronic lymphocytic leukemia or multiple sclerosis,False,True,"2,492 European ancestry chronic lymphocytic leukemia cases, 9,772 European ancestry multiple sclerosis cases, 24,529 European ancestry controls | NA",https://www.ebi.ac.uk/gwas/studies/GCST008721
comorbidity,multiple sclerosis,multiple sclerosis,GCST008722,31407831,Din L,2019,Diffuse large B-cell lymphoma or multiple sclerosis,False,True,"3,617 European ancestry diffuse large B-cell lymphoma cases, 9,772 European ancestry multiple sclerosis cases, 24,813 European ancestry controls | NA",https://www.ebi.ac.uk/gwas/studies/GCST008722
comorbidity,multiple sclerosis,multiple sclerosis,GCST90428833,38616254,Yu X,2024,B-cell lymphoblastic leukemia or multiple sclerosis (pleiotropy),False,True,"47,429 European ancestry multiple sclerosis cases, 5,321 European ancestry B-ALL cases, 85,040 European ancestry controls | NA",https://www.ebi.ac.uk/gwas/studies/GCST90428833
comorbidity,multiple sclerosis,multiple sclerosis,GCST90014449,34278373,Glanville KP,2021,Multiple sclerosis,True,True,"1,154 European ancestry cases, 324,074 European ancestry controls | NA",https://www.ebi.ac.uk/gwas/studies/GCST90014449
comorbidity,multiple sclerosis,multiple sclerosis,GCST012218,33704824,Vandebergh M,2021,Relapse in treatment-naive multiple sclerosis (time to event),False,True,506 European or unknown ancestry individuals | 485 individuals,https://www.ebi.ac.uk/gwas/studies/GCST012218
comorbidity,multiple sclerosis,multiple sclerosis,GCST90043738,34737426,Jiang L,2021,Multiple sclerosis (PheCode 335),True,True,"775 European ancestry cases, 455,573 European ancestry controls | NA",https://www.ebi.ac.uk/gwas/studies/GCST90043738
comorbidity,multiple sclerosis,multiple sclerosis,GCST90081725,34662886,Backman JD,2021,Multiple sclerosis (Gene-based burden),True,True,"1,596 European ancestry cases, 330,158 European ancestry controls | NA",https://www.ebi.ac.uk/gwas/studies/GCST90081725
comorbidity,multiple sclerosis,multiple sclerosis,GCST90081726,34662886,Backman JD,2021,ICD10 G35: Multiple sclerosis (Gene-based burden),True,True,"1,463 European ancestry cases, 327,589 European ancestry controls | NA",https://www.ebi.ac.uk/gwas/studies/GCST90081726
comorbidity,multiple sclerosis,multiple sclerosis,GCST90132190,35545683,Sorosina M,2022,Multiple sclerosis,False,True,"1,701 Italian ancestry cases, 2,345 Italian ancestry controls | 4,991 European ancestry cases, 8,028 European ancestry controls",https://www.ebi.ac.uk/gwas/studies/GCST90132190
comorbidity,multiple sclerosis,multiple sclerosis,GCST90297602,38185688,Auwerx C,2024,ICD10 G35: multiple sclerosis (CNV mirror model),True,True,"1,403 British ancestry cases, 292,048 British ancestry controls | 402 European ancestry cases, 65,357 European ancestry controls",https://www.ebi.ac.uk/gwas/studies/GCST90297602
comorbidity,multiple sclerosis,multiple sclerosis,GCST90297656,38185688,Auwerx C,2024,ICD10 G35: multiple sclerosis (CNV U-shape model),True,True,"1,403 British ancestry cases, 292,048 British ancestry controls | 402 European ancestry cases, 65,357 European ancestry controls",https://www.ebi.ac.uk/gwas/studies/GCST90297656
comorbidity,multiple sclerosis,multiple sclerosis,GCST90103397,36779085,Fitzgerald T,2022,Source of report of G35 (multiple sclerosis) (UKB data field 131043),True,True,"806 European ancestry cases, 169,951 European ancestry controls | NA",https://www.ebi.ac.uk/gwas/studies/GCST90103397
comorbidity,multiple sclerosis,multiple sclerosis,GCST90705066,41791023,Jacobs BM,2026,Multiple sclerosis,True,True,"2,664 European ancestry cases, 9,967 European ancestry controls | NA",https://www.ebi.ac.uk/gwas/studies/GCST90705066
comorbidity,multiple sclerosis,multiple sclerosis,GCST90077739,34662886,Backman JD,2021,Multiple sclerosis,True,True,"1,596 European ancestry cases, 330,158 European ancestry controls | NA",https://www.ebi.ac.uk/gwas/studies/GCST90077739
comorbidity,multiple sclerosis,multiple sclerosis,GCST90077740,34662886,Backman JD,2021,ICD10 G35: Multiple sclerosis,True,True,"1,463 European ancestry cases, 327,589 European ancestry controls | NA",https://www.ebi.ac.uk/gwas/studies/GCST90077740
comorbidity,multiple sclerosis,multiple sclerosis,GCST90475833,39024449,Verma A,2024,Multiple sclerosis,True,True,"2,762 European ancestry cases, 447,721 European ancestry controls | NA",https://www.ebi.ac.uk/gwas/studies/GCST90475833
comorbidity,multiple sclerosis,multiple sclerosis,GCST90558092,40262193,Shigesi N,2025,Multiple sclerosis,True,True,"16,381 European ancestry cases, 343,623 European ancestry controls | NA",https://www.ebi.ac.uk/gwas/studies/GCST90558092
comorbidity,multiple sclerosis,multiple sclerosis,GCST90558093,40262193,Shigesi N,2025,Multiple sclerosis,True,True,"1,314 European ancestry female cases, 162,403 European ancestry female controls | NA",https://www.ebi.ac.uk/gwas/studies/GCST90558093
comorbidity,multiple sclerosis,multiple sclerosis,GCST90570210,40262193,Shigesi N,2025,Multiple sclerosis (MTAG),False,True,"62,543 European ancestry individuals (MTAG effective sample size boosted by osteoarthritis, rheumatoid arthritis and endometriosis samples) | NA",https://www.ebi.ac.uk/gwas/studies/GCST90570210
comorbidity,multiple sclerosis,multiple sclerosis,GCST90435913,30104761,Zhou W,2018,Multiple sclerosis (PheCode 335),True,True,"1,356 British ancestry cases, 395,209 British ancestry controls | NA",https://www.ebi.ac.uk/gwas/studies/GCST90435913
comorbidity,multiple sclerosis,multiple sclerosis,GCST90476947,39024449,Verma A,2024,Multiple sclerosis,True,True,"1,859 European ancestry cases, 313,809 European ancestry controls | NA",https://www.ebi.ac.uk/gwas/studies/GCST90476947
comorbidity,multiple sclerosis,multiple sclerosis,GCST90476948,39024449,Verma A,2024,Takes medication for multiple sclerosis?,True,True,"1,703 European ancestry cases, 313,965 European ancestry controls | NA",https://www.ebi.ac.uk/gwas/studies/GCST90476948
comorbidity,multiple sclerosis,multiple sclerosis,GCST90079822,34662886,Backman JD,2021,ICD10 G35: Multiple sclerosis,True,True,"1,634 European ancestry cases, 386,134 European ancestry controls | NA",https://www.ebi.ac.uk/gwas/studies/GCST90079822
comorbidity,multiple sclerosis,multiple sclerosis,GCST90297752,38185688,Auwerx C,2024,ICD10 G35: multiple sclerosis (CNV deletion-only model),True,True,"1,403 British ancestry cases, 292,048 British ancestry controls | 402 European ancestry cases, 65,357 European ancestry controls",https://www.ebi.ac.uk/gwas/studies/GCST90297752
comorbidity,multiple sclerosis,multiple sclerosis,GCST90473316,40770095,UK Biobank Whole-Genome Sequencing Consortium,2025,ICD10 G35: Multiple sclerosis,True,True,"2,429 Non-Finnish European ancestry cases, 456,011 Non-Finnish European ancestry controls | NA",https://www.ebi.ac.uk/gwas/studies/GCST90473316
comorbidity,multiple sclerosis,multiple sclerosis,GCST90083808,34662886,Backman JD,2021,ICD10 G35: Multiple sclerosis (Gene-based burden),True,True,"1,634 European ancestry cases, 386,134 European ancestry controls | NA",https://www.ebi.ac.uk/gwas/studies/GCST90083808
comorbidity,colorectal cancer,colorectal cancer,GCST007992,31089142,Law PJ,2019,Colorectal cancer,False,True,"31,197 European ancestry cases, 61,770 European ancestry controls | NA",https://www.ebi.ac.uk/gwas/studies/GCST007992
comorbidity,colorectal cancer,colorectal cancer,GCST000113,17934461,Broderick P,2007,Colorectal cancer,False,True,"930 European ancestry cases, 960 European ancestry controls | 7,473 European ancestry cases, 5,984 European ancestry controls",https://www.ebi.ac.uk/gwas/studies/GCST000113
comorbidity,colorectal cancer,colorectal cancer,GCST000053,17618284,Tomlinson I,2007,Colorectal cancer,False,True,"930 European ancestry cases, 960 European ancestry controls | 7,334 European ancestry cases, 5,246 European ancestry controls",https://www.ebi.ac.uk/gwas/studies/GCST000053
comorbidity,colorectal cancer,colorectal cancer,GCST000052,17618283,Zanke BW,2007,Colorectal cancer,False,True,"1,257 cases, 1,336 controls | 5,084 European ancestry cases, 5,388 European ancestry controls, 1,139 cases, 1,055 controls",https://www.ebi.ac.uk/gwas/studies/GCST000052
comorbidity,colorectal cancer,colorectal cancer,GCST000169,18372905,Tomlinson IP,2008,Colorectal cancer,False,True,"922 European ancestry cases, 927 European ancestry controls | 17,089 European ancestry cases, 16,862 European ancestry controls, 783 cases, 664 controls",https://www.ebi.ac.uk/gwas/studies/GCST000169
comorbidity,colorectal cancer,colorectal cancer,GCST000270,19011631,Houlston RS,2008,Colorectal cancer,False,True,"1,902 European ancestry cases, 1,929 European ancestry controls | 18,284 European ancestry cases, 18,926 European ancestry controls",https://www.ebi.ac.uk/gwas/studies/GCST000270
comorbidity,colorectal cancer,colorectal cancer,GCST000472,19723657,Spain SL,2009,Colorectal cancer,False,True,"921 European ancestry cases, 929 European ancestry controls | 1,214 European ancestry cases, 1,435 European ancestry controls",https://www.ebi.ac.uk/gwas/studies/GCST000472
comorbidity,colorectal cancer,colorectal cancer,GCST000722,20610541,Lascorz J,2010,Colorectal cancer,False,True,"371 European ancestry cases, 1,263 European ancestry controls | 4,915 European ancestry cases, 8,159 European ancestry controls",https://www.ebi.ac.uk/gwas/studies/GCST000722
comorbidity,colorectal cancer,colorectal cancer,GCST000989,21357381,Figueiredo JC,2011,Colorectal cancer,False,True,"1,191 European ancestry cases, 999 European ancestry controls | 872 European ancestry cases, 810 European ancestry controls",https://www.ebi.ac.uk/gwas/studies/GCST000989
comorbidity,colorectal cancer,colorectal cancer,GCST001161,21761138,Peters U,2011,Colorectal cancer,False,True,"2,906 European ancestry cases, 3,416 European ancestry controls | 8,161 European ancestry cases, 9,101 European ancestry controls",https://www.ebi.ac.uk/gwas/studies/GCST001161
comorbidity,colorectal cancer,colorectal cancer,GCST001832,23350875,Fernandez-Rozadilla C,2013,Colorectal cancer,False,True,"882 European ancestry cases, 473 European ancestry controls | 1,436 European ancestry cases, 1,780 European ancestry controls",https://www.ebi.ac.uk/gwas/studies/GCST001832
comorbidity,colorectal cancer,colorectal cancer,GCST002512,24978480,Real LM,2014,Colorectal cancer,False,True,"480 European ancestry cases, 801 European ancestry controls | 1,305 European ancestry cases, 2,049 European ancestry controls",https://www.ebi.ac.uk/gwas/studies/GCST002512
comorbidity,colorectal cancer,colorectal cancer,GCST002411,24737748,Whiffin N,2014,Colorectal cancer,False,True,"5,626 European ancestry cases, 7,817 European ancestry controls | 14,037 European ancestry cases, 15,937 European ancestry controls",https://www.ebi.ac.uk/gwas/studies/GCST002411
comorbidity,colorectal cancer,colorectal cancer,GCST002528,25023989,Schmit SL,2014,Colorectal cancer,False,True,"485 Ashkenazi Jewish cases, 498 Ashkenazi Jewish controls, 1,977 European ancestry cases, 999 European ancestry controls | 1,131 Ashkenazi Jewish cases, 831 Ash",https://www.ebi.ac.uk/gwas/studies/GCST002528
comorbidity,colorectal cancer,colorectal cancer,GCST002596,25192705,Du M,2014,Colorectal cancer (calcium intake interaction),False,True,"9,006 European ancestry cases, 9,503 European ancestry controls | NA",https://www.ebi.ac.uk/gwas/studies/GCST002596
comorbidity,colorectal cancer,colorectal cancer,GCST002816,25781442,Nan H,2015,Colorectal cancer (aspirin and/or NSAID use interaction),False,True,"8,634 European ancestry cases, 8,553 European ancestry controls | NA",https://www.ebi.ac.uk/gwas/studies/GCST002816
comorbidity,colorectal cancer,colorectal cancer,GCST002820,25866641,Xu W,2015,Survival in microsatellite instability low/stable colorectal cancer,False,True,431 European ancestry cases | NA,https://www.ebi.ac.uk/gwas/studies/GCST002820
comorbidity,colorectal cancer,colorectal cancer,GCST002919,25990418,Al-Tassan NA,2015,Colorectal cancer,False,True,"7,577 European ancestry cases, 9,979 European ancestry controls | NA",https://www.ebi.ac.uk/gwas/studies/GCST002919
comorbidity,colorectal cancer,colorectal cancer,GCST000843,20972440,Houlston RS,2010,Colorectal cancer,False,True,"3,334 European ancestry cases, 4,628 European ancestry controls | 14,851 European ancestry cases, 15,569 European ancestry controls",https://www.ebi.ac.uk/gwas/studies/GCST000843
comorbidity,colorectal cancer,colorectal cancer,GCST012176,33627384,Matejcic M,2021,Colorectal cancer,False,True,"2,327 European ancestry cases, 2,966 European ancestry  controls | NA",https://www.ebi.ac.uk/gwas/studies/GCST012176
comorbidity,colorectal cancer,colorectal cancer,GCST003209,26621817,Cheng TH,2015,Colorectal or endometrial cancer,False,True,"5,725 European ancestry colorectal carcinoma cases, 2,212 European ancestry endometrial carcinoma cases, 13,396 European ancestry controls | NA",https://www.ebi.ac.uk/gwas/studies/GCST003209
comorbidity,colorectal cancer,colorectal cancer,GCST012206,33632709,Huyghe JR,2021,Proximal colorectal cancer,False,True,"15,706 European ancestry cases, 64,159 European ancestry controls | NA",https://www.ebi.ac.uk/gwas/studies/GCST012206
comorbidity,colorectal cancer,colorectal cancer,GCST012205,33632709,Huyghe JR,2021,Distal colorectal cancer,False,True,"14,376 European ancestry cases, 64,159 European ancestry controls | NA",https://www.ebi.ac.uk/gwas/studies/GCST012205
comorbidity,colorectal cancer,colorectal cancer,GCST003229,26586795,Phipps AI,2015,Survival in colorectal cancer,False,True,"up to 2,843 European ancestry cases without distant metastases, up to 462 European ancestry cases with distant metastases, up to 189 European ancestry cases of ",https://www.ebi.ac.uk/gwas/studies/GCST003229
comorbidity,colorectal cancer,colorectal cancer,GCST003208,26621817,Cheng TH,2015,Colorectal or endometrial cancer,False,True,"5,725 European ancestry colorectal carcinoma cases, 2,212 European ancestry endometrial carcinoma cases, 13,396 European ancestry controls | 4,330 European ance",https://www.ebi.ac.uk/gwas/studies/GCST003208
comorbidity,colorectal cancer,colorectal cancer,GCST003231,26586795,Phipps AI,2015,Survival in colorectal cancer (non-distant metastatic),False,True,"up to 2,843 European ancestry cases | up to 3,205 European ancestry cases",https://www.ebi.ac.uk/gwas/studies/GCST003231
comorbidity,colorectal cancer,colorectal cancer,GCST003230,26586795,Phipps AI,2015,Survival in colorectal cancer (distant metastatic),False,True,up to 462 European ancestry cases  | up to 435 European ancestry cases ,https://www.ebi.ac.uk/gwas/studies/GCST003230
comorbidity,colorectal cancer,colorectal cancer,GCST003386,26766742,Garcia-Albeniz X,2016,Colorectal cancer (oestrogen-progestogen hormone therapy interaction),False,True,"554 European ancestry postmenopausal cases, 729 European ancestry postmenopausal controls | NA",https://www.ebi.ac.uk/gwas/studies/GCST003386
comorbidity,colorectal cancer,colorectal cancer,GCST003387,26766742,Garcia-Albeniz X,2016,Colorectal cancer (oestrogen hormone therapy interaction),False,True,"650 European ancestry postmenopausal cases, 956 European ancestry postmenopausal controls | NA",https://www.ebi.ac.uk/gwas/studies/GCST003387
comorbidity,colorectal cancer,colorectal cancer,GCST003385,26766742,Garcia-Albeniz X,2016,Colorectal cancer (menopausal hormone therapy interaction),False,True,"1,436 European ancestry postmenopausal cases, 1,948 European ancestry postmenopausal controls | NA",https://www.ebi.ac.uk/gwas/studies/GCST003385
comorbidity,colorectal cancer,colorectal cancer,GCST006035,29698419,Pande M,2018,Breast cancer and/or colorectal cancer,False,True,"589 European ancestry colorectal cancer with a family history of breast cancer cases, 378 European ancestry breast cancer cases with a family history of colorec",https://www.ebi.ac.uk/gwas/studies/GCST006035
comorbidity,colorectal cancer,colorectal cancer,GCST003873,27723779,Gong J,2016,Colorectal cancer (alcohol consumption interaction),False,True,"8,058 European ancestry non/occasional, light-to-moderate, and heavy drinker cases, 8,765 European ancestry non/occasional, light-to-moderate, and heavy drinker",https://www.ebi.ac.uk/gwas/studies/GCST003873
comorbidity,colorectal cancer,colorectal cancer,GCST003874,27723779,Gong J,2016,Colorectal cancer (smoking interaction),False,True,"11,219 European ancestry ever-smoker and never-smoker cases, 11,382 European ancestry ever-smoker and never-smoker controls | NA",https://www.ebi.ac.uk/gwas/studies/GCST003874
comorbidity,colorectal cancer,colorectal cancer,GCST001794,23300701,Jiao S,2012,Colorectal cancer (SNP x SNP interaction),False,True,"8,380 European ancestry cases, 10,558 European ancestry controls | 2,527 European ancestry cases, 2,628 European ancestry controls",https://www.ebi.ac.uk/gwas/studies/GCST001794
comorbidity,colorectal cancer,colorectal cancer,GCST001731,23114982,Siegert S,2012,Colorectal cancer (environment interaction),False,True,"314 European ancestry cases | 259 European ancestry cases, 1,002 European ancestry controls",https://www.ebi.ac.uk/gwas/studies/GCST001731
comorbidity,colorectal cancer,colorectal cancer,GCST003587,27197191,Fehringer G,2016,Cancer,False,True,"5,020 European ancestry lung cancer cases, 3,718 European ancestry lung adenocarcinoma cases, 3,422 European ancestry lung squamous cell carcinoma cases, 15,414",https://www.ebi.ac.uk/gwas/studies/GCST003587
comorbidity,colorectal cancer,colorectal cancer,GCST002415,24743840,Figueiredo JC,2014,Colorectal cancer (diet interaction),False,True,"9,287 European ancestry cases, 9,117 European ancestry controls | NA",https://www.ebi.ac.uk/gwas/studies/GCST002415
comorbidity,colorectal cancer,colorectal cancer,GCST005150,29228715,Hofer P,2017,Colorectal cancer,False,True,"978 Austrian ancestry colorectal cancer cases, 636 Austrian ancestry advanced colorectal adenoma cases, 4,294 European ancestry controls | NA",https://www.ebi.ac.uk/gwas/studies/GCST005150
comorbidity,colorectal cancer,colorectal cancer,GCST005149,29228715,Hofer P,2017,Colorectal cancer,False,True,"978 Austrian ancestry cases, 4,294 European ancestry controls | NA",https://www.ebi.ac.uk/gwas/studies/GCST005149
comorbidity,colorectal cancer,colorectal cancer,GCST003588,27197191,Fehringer G,2016,Cancer (pleiotropy),False,True,"5,020 European ancestry lung cancer cases, 3,718 European ancestry lung adenocarcinoma cases, 3,422 European ancestry lung squamous cell carcinoma cases, 15,414",https://www.ebi.ac.uk/gwas/studies/GCST003588
comorbidity,colorectal cancer,colorectal cancer,GCST002513,24978480,Real LM,2014,Colorectal cancer (SNP x SNP interaction),False,True,"480 European ancestry cases, 801 European ancestry controls | 1,305 European ancestry cases, 2,049 European ancestry controls",https://www.ebi.ac.uk/gwas/studies/GCST002513
comorbidity,colorectal cancer,colorectal cancer,GCST004895,28960316,Tanskanen T,2017,Colorectal cancer,False,True,"1,701 Finnish ancestry cases, 14,082 Finnish ancestry controls | 11,647 European ancestry cases, 12,356 European ancestry controls",https://www.ebi.ac.uk/gwas/studies/GCST004895
comorbidity,colorectal cancer,colorectal cancer,GCST005856,28779025,Alberts R,2017,Colorectal carcinoma in primary sclerosing cholangitis,False,True,"127 European ancestry cases, 2,822 European ancestry controls | NA",https://www.ebi.ac.uk/gwas/studies/GCST005856
comorbidity,colorectal cancer,colorectal cancer,GCST90428118,38538606,Harris BHL,2024,Colorectal cancer,True,True,"4,988 European ancestry cases, 310,272 European ancestry controls | NA",https://www.ebi.ac.uk/gwas/studies/GCST90428118
comorbidity,colorectal cancer,colorectal cancer,GCST90101725,34794066,Wills C,2021,Overall survival in advanced colorectal cancer,False,True,"1,926 unknown and European ancestry individuals | 22,639 unknown and European ancestry individuals",https://www.ebi.ac.uk/gwas/studies/GCST90101725
comorbidity,colorectal cancer,colorectal cancer,GCST90013862,34017140,Mbatchou J,2021,Colorectal cancer (Firth correction),True,True,"407,746 British ancestry individuals | NA",https://www.ebi.ac.uk/gwas/studies/GCST90013862
comorbidity,colorectal cancer,colorectal cancer,GCST90013866,34017140,Mbatchou J,2021,Colorectal cancer (SPA correction),True,True,"407,746 British ancestry individuals | NA",https://www.ebi.ac.uk/gwas/studies/GCST90013866
comorbidity,colorectal cancer,colorectal cancer,GCST90102456,34996992,Labadie JD,2022,Survival in colon cancer,False,True,"16,964 European ancestry individuals | NA",https://www.ebi.ac.uk/gwas/studies/GCST90102456
comorbidity,colorectal cancer,colorectal cancer,GCST90102457,34996992,Labadie JD,2022,Survival in colon cancer (proximal),False,True,"6,214 European ancestry individuals | NA",https://www.ebi.ac.uk/gwas/studies/GCST90102457
comorbidity,colorectal cancer,colorectal cancer,GCST90102458,34996992,Labadie JD,2022,Survival in colon cancer (distal),False,True,"4,881 European ancestry individuals | NA",https://www.ebi.ac.uk/gwas/studies/GCST90102458
comorbidity,colorectal cancer,colorectal cancer,GCST90102459,34996992,Labadie JD,2022,Survival in rectal cancer,False,True,"4,749 European ancestry individuals | NA",https://www.ebi.ac.uk/gwas/studies/GCST90102459
comorbidity,colorectal cancer,colorectal cancer,GCST90101895,34981446,Nazarian A,2022,Colorectal cancer,False,True,"397 European ancestry cases, 14,694 European ancestry controls | NA",https://www.ebi.ac.uk/gwas/studies/GCST90101895
comorbidity,colorectal cancer,colorectal cancer,GCST012202,33632709,Huyghe JR,2021,Distal/Left-sided colorectal cancer,False,True,"30,588 European ancestry cases, 64,159 European ancestry controls | NA",https://www.ebi.ac.uk/gwas/studies/GCST012202
comorbidity,colorectal cancer,colorectal cancer,GCST90027054,34290314,Brandes N,2021,Colorectal cancer,False,True,"3,351 White British ancestry cases, 271,479 White British ancestry controls | NA",https://www.ebi.ac.uk/gwas/studies/GCST90027054
comorbidity,colorectal cancer,colorectal cancer,GCST011973,34062886,Nazarian A,2021,Colorectal cancer,False,True,"211 European ancestry female cases, 186 European ancestry male cases, 8,382 European ancestry female controls, 6,312 European ancestry male controls | NA",https://www.ebi.ac.uk/gwas/studies/GCST011973
comorbidity,colorectal cancer,colorectal cancer,GCST012877,30510241,Huyghe JR,2018,Colorectal cancer,True,True,"11,835 European ancestry cases, 11,856 European ancestry controls | NA",https://www.ebi.ac.uk/gwas/studies/GCST012877
comorbidity,colorectal cancer,colorectal cancer,GCST012879,30510241,Huyghe JR,2018,Colorectal cancer,True,True,"19,948 European ancestry cases, 12,124 European ancestry controls | NA",https://www.ebi.ac.uk/gwas/studies/GCST012879
comorbidity,colorectal cancer,colorectal cancer,GCST012878,30510241,Huyghe JR,2018,Colorectal cancer,True,True,"1,460 European ancestry cases, 774 European ancestry controls | NA",https://www.ebi.ac.uk/gwas/studies/GCST012878
comorbidity,colorectal cancer,colorectal cancer,GCST012880,30510241,Huyghe JR,2018,Colorectal cancer,True,True,"4,439 European ancestry cases, 4,115 European ancestry controls | NA",https://www.ebi.ac.uk/gwas/studies/GCST012880
comorbidity,colorectal cancer,colorectal cancer,GCST012876,30510241,Huyghe JR,2018,Colorectal cancer,True,True,"11,895 European ancestry cases, 14,659 European ancestry controls | NA",https://www.ebi.ac.uk/gwas/studies/GCST012876
comorbidity,colorectal cancer,colorectal cancer,GCST90502765,38408508,Laskar RS,2024,Early onset colorectal cancer,False,True,"6,176 European ancestry cases, 65,829 European ancestry controls | NA",https://www.ebi.ac.uk/gwas/studies/GCST90502765
comorbidity,colorectal cancer,colorectal cancer,GCST90250827,39827162,Wills C,2025,Overall survival in colorectal cancer (proximal colon),True,True,"514 European ancestry individuals | 1,433 European ancestry individuals",https://www.ebi.ac.uk/gwas/studies/GCST90250827
comorbidity,colorectal cancer,colorectal cancer,GCST90250828,39827162,Wills C,2025,Overall survival in colorectal cancer (distal colon),True,True,"493 European ancestry individuals | 1,450 European ancestry individuals",https://www.ebi.ac.uk/gwas/studies/GCST90250828
comorbidity,colorectal cancer,colorectal cancer,GCST90250829,39827162,Wills C,2025,Overall survival in colorectal cancer (rectum),True,True,"892 European ancestry individuals | 1,869 European ancestry individuals",https://www.ebi.ac.uk/gwas/studies/GCST90250829
comorbidity,colorectal cancer,colorectal cancer,GCST90504004,38749303,Papadimitriou N,2024,Colorectal cancer x fruit intake interaction (3df),False,True,"29,820 European ancestry cases, 39,779 European ancestry controls | NA",https://www.ebi.ac.uk/gwas/studies/GCST90504004
comorbidity,colorectal cancer,colorectal cancer,GCST90504005,38749303,Papadimitriou N,2024,Colorectal cancer x vegetable intake interaction (3df),False,True,"29,896 European ancestry cases, 39,838 European ancestry controls | NA",https://www.ebi.ac.uk/gwas/studies/GCST90504005
comorbidity,colorectal cancer,colorectal cancer,GCST90504006,38749303,Papadimitriou N,2024,Colorectal cancer x fibre intake interaction (3df),False,True,"20,749 European ancestry cases, 24,141 European ancestry controls | NA",https://www.ebi.ac.uk/gwas/studies/GCST90504006
comorbidity,colorectal cancer,colorectal cancer,GCST90271715,36869385,Wang H,2023,Early onset colorectal cancer,False,True,"1,490 European ancestry cases less than 50 years old, 19,951 European ancestry controls | NA",https://www.ebi.ac.uk/gwas/studies/GCST90271715
comorbidity,colorectal cancer,colorectal cancer,GCST90243993,35512400,Tian Y,2022,Colorectal cancer x menopausal hormone therapy interaction,False,True,"11,519 European ancestry cases, 16,967 European ancestry controls | NA",https://www.ebi.ac.uk/gwas/studies/GCST90243993
comorbidity,colorectal cancer,colorectal cancer,GCST90243994,35512400,Tian Y,2022,Colorectal cancer x menopausal hormone therapy interaction (2df test),False,True,"11,519 European ancestry cases, 16,967 European ancestry controls | NA",https://www.ebi.ac.uk/gwas/studies/GCST90243994
comorbidity,colorectal cancer,colorectal cancer,GCST90243995,35512400,Tian Y,2022,Colorectal cancer x menopausal hormone therapy interaction (3df test),False,True,"11,519 European ancestry cases, 16,967 European ancestry controls | NA",https://www.ebi.ac.uk/gwas/studies/GCST90243995
comorbidity,colorectal cancer,colorectal cancer,GCST90243996,35512400,Tian Y,2022,Colorectal cancer x estrogen hormone therapy interaction,False,True,"11,519 European ancestry cases, 16,967 European ancestry controls | NA",https://www.ebi.ac.uk/gwas/studies/GCST90243996
comorbidity,colorectal cancer,colorectal cancer,GCST90243997,35512400,Tian Y,2022,Colorectal cancer x estrogen hormone therapy interaction (2df test),False,True,"11,519 European ancestry cases, 16,967 European ancestry controls | NA",https://www.ebi.ac.uk/gwas/studies/GCST90243997
comorbidity,colorectal cancer,colorectal cancer,GCST90243998,35512400,Tian Y,2022,Colorectal cancer x estrogen hormone therapy interaction (3df test),False,True,"11,519 European ancestry cases, 16,967 European ancestry controls | NA",https://www.ebi.ac.uk/gwas/studies/GCST90243998
comorbidity,colorectal cancer,colorectal cancer,GCST90243999,35512400,Tian Y,2022,Colorectal cancer x estrogen-progesterone hormone therapy interaction,False,True,"11,519 European ancestry cases, 16,967 European ancestry controls | NA",https://www.ebi.ac.uk/gwas/studies/GCST90243999
comorbidity,colorectal cancer,colorectal cancer,GCST90244000,35512400,Tian Y,2022,Colorectal cancer x estrogen-progesterone hormone therapy interaction (2df test),False,True,"11,519 European ancestry cases, 16,967 European ancestry controls | NA",https://www.ebi.ac.uk/gwas/studies/GCST90244000
comorbidity,colorectal cancer,colorectal cancer,GCST90244001,35512400,Tian Y,2022,Colorectal cancer x estrogen-progesterone hormone therapy interaction (3df test),False,True,"11,519 European ancestry cases, 16,967 European ancestry controls | NA",https://www.ebi.ac.uk/gwas/studies/GCST90244001
comorbidity,colorectal cancer,colorectal cancer,GCST90267392,36576985,Carreras-Torres R,2022,Colorectal cancer x smoking status interaction (1df),False,True,"18,781 European ancestry ever-smoker cases, 14,975 European ancestry never-smoker cases, 22,370 European ancestry ever-smoker controls, 21,976 European ancestry",https://www.ebi.ac.uk/gwas/studies/GCST90267392
comorbidity,colorectal cancer,colorectal cancer,GCST90267393,36576985,Carreras-Torres R,2022,Colorectal cancer x smoking status interaction (3df),False,True,"18,781 European ancestry ever-smoker cases, 14,975 European ancestry never-smoker cases, 22,370 European ancestry ever-smoker controls, 21,976 European ancestry",https://www.ebi.ac.uk/gwas/studies/GCST90267393
comorbidity,colorectal cancer,colorectal cancer,GCST90267394,36576985,Carreras-Torres R,2022,Colorectal cancer x cigarettes per day interaction (1df),False,True,"13,320 European ancestry cases, 16,176 European ancestry controls | NA",https://www.ebi.ac.uk/gwas/studies/GCST90267394
comorbidity,colorectal cancer,colorectal cancer,GCST90267395,36576985,Carreras-Torres R,2022,Colorectal cancer x cigarettes per day interaction (3df),False,True,"13,320 European ancestry cases, 16,176 European ancestry controls | NA",https://www.ebi.ac.uk/gwas/studies/GCST90267395
comorbidity,colorectal cancer,colorectal cancer,GCST90267396,36576985,Carreras-Torres R,2022,Colorectal cancer x pack-years of smoking interaction (1df),False,True,"12,531 European ancestry cases, 15,271 European ancestry controls | NA",https://www.ebi.ac.uk/gwas/studies/GCST90267396
comorbidity,colorectal cancer,colorectal cancer,GCST90267397,36576985,Carreras-Torres R,2022,Colorectal cancer x pack-years of smoking interaction (3df),False,True,"12,531 European ancestry cases, 15,271 European ancestry controls | NA",https://www.ebi.ac.uk/gwas/studies/GCST90267397
comorbidity,colorectal cancer,colorectal cancer,GCST90244553,36790221,Wills C,2023,Overall survival in advanced MAPK-activated colorectal cancer,True,True,694 European ancestry individuals | NA,https://www.ebi.ac.uk/gwas/studies/GCST90244553
comorbidity,colorectal cancer,colorectal cancer,GCST90255675,36539618,Fernandez-Rozadilla C,2022,Colorectal cancer,True,True,"78,473 European ancestry cases, 107,143 European ancestry controls | NA",https://www.ebi.ac.uk/gwas/studies/GCST90255675
comorbidity,colorectal cancer,colorectal cancer,GCST90255676,36539618,Fernandez-Rozadilla C,2022,Colorectal cancer,True,True,"73,673 European ancestry cases, 86,854 European ancestry controls | NA",https://www.ebi.ac.uk/gwas/studies/GCST90255676
comorbidity,colorectal cancer,colorectal cancer,GCST90255677,36539618,Fernandez-Rozadilla C,2022,Colorectal cancer,True,True,"4,800 European ancestry cases, 20,289 European ancestry controls | NA",https://www.ebi.ac.uk/gwas/studies/GCST90255677
comorbidity,colorectal cancer,colorectal cancer,GCST90081614,34662886,Backman JD,2021,Large bowel cancer / colorectal cancer (UKB data field 20001) (Gene-based burden),True,True,"662 European ancestry cases, 38,952 European ancestry controls | NA",https://www.ebi.ac.uk/gwas/studies/GCST90081614
comorbidity,colorectal cancer,colorectal cancer,GCST90570627,40155373,You D,2025,Lung cancer or colorectal cancer (MTAG),False,True,"29,266 European ancestry LC cases, 78,473 European ancestry CRC cases, 163,593 European ancestry controls | NA",https://www.ebi.ac.uk/gwas/studies/GCST90570627
comorbidity,colorectal cancer,colorectal cancer,GCST90570630,40155373,You D,2025,Lung squamous cell carcinoma or colorectal cancer (MTAG),False,True,"7,426 European ancestry LUSC cases, 78,473 European ancestry CRC cases, 162,770 European ancestry controls | NA",https://www.ebi.ac.uk/gwas/studies/GCST90570630
comorbidity,colorectal cancer,colorectal cancer,GCST90475566,39024449,Verma A,2024,Colorectal cancer (PheCode 153),True,True,"10,436 European ancestry cases, 436,330 European ancestry controls | NA",https://www.ebi.ac.uk/gwas/studies/GCST90475566
comorbidity,colorectal cancer,colorectal cancer,GCST008372,30104761,Zhou W,2018,Colorectal cancer (PheCode 153),True,True,"4,562 British ancestry cases, 382,756 British ancestry controls | NA",https://www.ebi.ac.uk/gwas/studies/GCST008372
comorbidity,colorectal cancer,colorectal cancer,GCST90502810,38411962,Hoang T,2024,Colorectal cancer x red meat intake interaction,False,True,"4,686 European ancestry cases, 14,058 European ancestry controls | NA",https://www.ebi.ac.uk/gwas/studies/GCST90502810
comorbidity,colorectal cancer,colorectal cancer,GCST90502811,38411962,Hoang T,2024,Colorectal cancer x processed meat intake interaction,False,True,"4,686 European ancestry cases, 14,058 European ancestry controls | NA",https://www.ebi.ac.uk/gwas/studies/GCST90502811
comorbidity,colorectal cancer,colorectal cancer,GCST90502812,38411962,Hoang T,2024,Colorectal cancer x poultry intake interaction,False,True,"4,686 European ancestry cases, 14,058 European ancestry controls | NA",https://www.ebi.ac.uk/gwas/studies/GCST90502812
comorbidity,colorectal cancer,colorectal cancer,GCST90502813,38411962,Hoang T,2024,Colorectal cancer x total fish intake interaction,False,True,"4,686 European ancestry cases, 14,058 European ancestry controls | NA",https://www.ebi.ac.uk/gwas/studies/GCST90502813
comorbidity,colorectal cancer,colorectal cancer,GCST90502814,38411962,Hoang T,2024,Colorectal cancer x milk intake interaction,False,True,"4,686 European ancestry cases, 14,058 European ancestry controls | NA",https://www.ebi.ac.uk/gwas/studies/GCST90502814
comorbidity,colorectal cancer,colorectal cancer,GCST90502815,38411962,Hoang T,2024,Colorectal cancer x cheese intake interaction,False,True,"4,686 European ancestry cases, 14,058 European ancestry controls | NA",https://www.ebi.ac.uk/gwas/studies/GCST90502815
comorbidity,colorectal cancer,colorectal cancer,GCST90502816,38411962,Hoang T,2024,Colorectal cancer x total fruit intake interaction,False,True,"4,686 European ancestry cases, 14,058 European ancestry controls | NA",https://www.ebi.ac.uk/gwas/studies/GCST90502816
comorbidity,colorectal cancer,colorectal cancer,GCST90502817,38411962,Hoang T,2024,Colorectal cancer x coffee intake interaction,False,True,"4,686 European ancestry cases, 14,058 European ancestry controls | NA",https://www.ebi.ac.uk/gwas/studies/GCST90502817
comorbidity,colorectal cancer,colorectal cancer,GCST90502818,38411962,Hoang T,2024,Colorectal cancer x tea intake interaction,False,True,"4,686 European ancestry cases, 14,058 European ancestry controls | NA",https://www.ebi.ac.uk/gwas/studies/GCST90502818
comorbidity,colorectal cancer,colorectal cancer,GCST90502819,38411962,Hoang T,2024,Colorectal cancer x alcohol intake interaction,False,True,"4,686 European ancestry cases, 14,058 European ancestry controls | NA",https://www.ebi.ac.uk/gwas/studies/GCST90502819
comorbidity,colorectal cancer,colorectal cancer,GCST90502820,38411962,Hoang T,2024,Colorectal cancer x vegetables intake interaction,False,True,"4,686 European ancestry cases, 14,058 European ancestry controls | NA",https://www.ebi.ac.uk/gwas/studies/GCST90502820
comorbidity,colorectal cancer,colorectal cancer,GCST90693328,40874817,Wang S,2025,Waist-to-hip ratio adjusted for body mass index or colorectal cancer (pleiotropy),False,True,"721,203 European ancestry individuals | NA",https://www.ebi.ac.uk/gwas/studies/GCST90693328
comorbidity,colorectal cancer,colorectal cancer,GCST90693332,40874817,Wang S,2025,Arm fat ratio or colorectal cancer (pleiotropy),False,True,"142,692 European ancestry individuals | NA",https://www.ebi.ac.uk/gwas/studies/GCST90693332
comorbidity,colorectal cancer,colorectal cancer,GCST90693336,40874817,Wang S,2025,Trunk fat ratio or colorectal cancer (pleiotropy),False,True,"142,692 European ancestry individuals | NA",https://www.ebi.ac.uk/gwas/studies/GCST90693336
comorbidity,colorectal cancer,colorectal cancer,GCST90693340,40874817,Wang S,2025,Leg fat ratio or colorectal cancer (pleiotropy),False,True,"142,692 European ancestry individuals | NA",https://www.ebi.ac.uk/gwas/studies/GCST90693340
comorbidity,colorectal cancer,colorectal cancer,GCST90693344,40874817,Wang S,2025,Abdominal subcutaneous adipose tissue or colorectal cancer (pleiotropy),False,True,"65,630 European ancestry individuals | NA",https://www.ebi.ac.uk/gwas/studies/GCST90693344
comorbidity,colorectal cancer,colorectal cancer,GCST90693346,40874817,Wang S,2025,Gluteofemoral adipose tissue or colorectal cancer (pleiotropy),False,True,"65,630 European ancestry individuals | NA",https://www.ebi.ac.uk/gwas/studies/GCST90693346
comorbidity,colorectal cancer,colorectal cancer,GCST90693350,40874817,Wang S,2025,Visceral adipose tissue or colorectal cancer (pleiotropy),False,True,"65,630 European ancestry individuals | NA",https://www.ebi.ac.uk/gwas/studies/GCST90693350
comorbidity,colorectal cancer,colorectal cancer,GCST90709777,38809988,Drew DA,2024,Colorectal cancer x regluar aspirin and/or NSAID use interaction (1df),False,True,"10,446 European ancestry user cases, 16,838 European ancestry user controls, 20,360 European ancestry non-user cases, 25,023 European ancestry non-user controls",https://www.ebi.ac.uk/gwas/studies/GCST90709777
comorbidity,colorectal cancer,colorectal cancer,GCST90709778,38809988,Drew DA,2024,Colorectal cancer x regluar aspirin and/or NSAID use interaction (3df),False,True,"10,446 European ancestry user cases, 16,838 European ancestry user controls, 20,360 European ancestry non-user cases, 25,023 European ancestry non-user controls",https://www.ebi.ac.uk/gwas/studies/GCST90709778
comorbidity,colorectal cancer,colorectal cancer,GCST90651043,37340002,Sato G,2023,Colorectal cancer,False,True,"7,194 European ancestry colorectal cancer cases, 334,343 European ancestry controls | NA",https://www.ebi.ac.uk/gwas/studies/GCST90651043
comorbidity,colorectal cancer,colorectal cancer,GCST90651054,37340002,Sato G,2023,Cancer,False,True,"43,098 European ancestry cancer cases, 334,343 European ancestry controls | NA",https://www.ebi.ac.uk/gwas/studies/GCST90651054
comorbidity,colorectal cancer,colorectal cancer,GCST90726829,41896352,Kim HI,2026,Colorectal cancer,True,True,"678 British Bangladeshi or British Pakistani cases, 43,348 British Bangladeshi or British Pakistani controls | 11,863 British Bangladeshi or British Pakistani i",https://www.ebi.ac.uk/gwas/studies/GCST90726829
comorbidity,colorectal cancer,colorectal cancer,GCST90077628,34662886,Backman JD,2021,Large bowel cancer / colorectal cancer (UKB data field 20001),True,True,"662 European ancestry cases, 38,952 European ancestry controls | NA",https://www.ebi.ac.uk/gwas/studies/GCST90077628
comorbidity,colorectal cancer,colorectal cancer,GCST90565174,38112776,Stern MC,2023,Colorectal cancer x red meat intake interaction (2-step EDGE test),False,True,"29,842 European ancestry cases, 39,635 European ancestry controls | NA",https://www.ebi.ac.uk/gwas/studies/GCST90565174
comorbidity,colorectal cancer,colorectal cancer,GCST90565175,38112776,Stern MC,2023,Colorectal cancer x red meat intake interaction (3df test),False,True,"29,842 European ancestry cases, 39,635 European ancestry controls | NA",https://www.ebi.ac.uk/gwas/studies/GCST90565175
comorbidity,colorectal cancer,colorectal cancer,GCST90565176,38112776,Stern MC,2023,Colorectal cancer x red meat intake interaction (1df test),False,True,"29,842 European ancestry cases, 39,635 European ancestry controls | NA",https://www.ebi.ac.uk/gwas/studies/GCST90565176
